# Error, Accuracy
1.784705032893435472e+01,0.000000000000000000e+00
1.480433540556126104e+01,0.000000000000000000e+00
1.480183647365360855e+01,0.000000000000000000e+00
1.479674878285928941e+01,0.000000000000000000e+00
1.472960707583303908e+01,0.000000000000000000e+00
1.283612699953668113e+01,3.333333333333333148e-01
9.156541904294122958e+00,5.999999999999999778e-01
8.233818296830669681e+00,5.999999999999999778e-01
7.950629804585363836e+00,5.999999999999999778e-01
7.835146674542858847e+00,5.999999999999999778e-01
7.837711289716907892e+00,5.999999999999999778e-01
7.849020197075758709e+00,5.999999999999999778e-01
7.715046100848113042e+00,5.999999999999999778e-01
7.731445776557361427e+00,5.999999999999999778e-01
7.712574211910108168e+00,5.999999999999999778e-01
7.686573542492195266e+00,5.999999999999999778e-01
7.717987327706449463e+00,5.999999999999999778e-01
7.692018838483028809e+00,5.999999999999999778e-01
7.787914232976114626e+00,5.999999999999999778e-01
7.739142934636254800e+00,5.999999999999999778e-01
7.786933976363648036e+00,5.999999999999999778e-01
7.673037914800549864e+00,5.999999999999999778e-01
7.733249189975466287e+00,5.999999999999999778e-01
7.787562172480863687e+00,5.999999999999999778e-01
7.738909414525871888e+00,5.999999999999999778e-01
7.699139407662485723e+00,5.999999999999999778e-01
7.990220458781176482e+00,5.999999999999999778e-01
7.748592917969625127e+00,5.999999999999999778e-01
7.743857095257953738e+00,5.999999999999999778e-01
7.740741162015043919e+00,5.999999999999999778e-01
7.737974582250800815e+00,5.999999999999999778e-01
7.734967243273402460e+00,5.999999999999999778e-01
7.730552236877534789e+00,5.999999999999999778e-01
7.719740110603930283e+00,5.999999999999999778e-01
7.792081420200183572e+00,5.999999999999999778e-01
7.738964885517730430e+00,5.999999999999999778e-01
7.736131074614237768e+00,5.999999999999999778e-01
7.734488654310514022e+00,5.999999999999999778e-01
7.733188093199696134e+00,5.999999999999999778e-01
7.732038582076405042e+00,5.999999999999999778e-01
7.730949552907964595e+00,5.999999999999999778e-01
7.729847514174576162e+00,5.999999999999999778e-01
7.728639251856979975e+00,5.999999999999999778e-01
7.727160139063637523e+00,5.999999999999999778e-01
7.725041768446569534e+00,5.999999999999999778e-01
7.721396989990235937e+00,5.999999999999999778e-01
7.720232318365273017e+00,5.999999999999999778e-01
7.734774170853595088e+00,5.999999999999999778e-01
7.721756001850427431e+00,5.999999999999999778e-01
7.717081899956180990e+00,5.999999999999999778e-01
7.738620720541253384e+00,5.999999999999999778e-01
7.723889715750973828e+00,5.999999999999999778e-01
7.720996163920125888e+00,5.999999999999999778e-01
7.715981397763949978e+00,5.999999999999999778e-01
7.736483968207861217e+00,5.999999999999999778e-01
7.722250547235503859e+00,5.999999999999999778e-01
7.718537583973692939e+00,5.999999999999999778e-01
7.715685830025697634e+00,5.999999999999999778e-01
7.740247015038252520e+00,5.999999999999999778e-01
7.723623358852147014e+00,5.999999999999999778e-01
7.721974592855908703e+00,5.999999999999999778e-01
7.719048935085378815e+00,5.999999999999999778e-01
7.713448747675452744e+00,5.999999999999999778e-01
7.738721629468272134e+00,5.999999999999999778e-01
7.722476108828171704e+00,5.999999999999999778e-01
7.720637338329023436e+00,5.999999999999999778e-01
7.717083172910558453e+00,5.999999999999999778e-01
7.712264452607681342e+00,5.999999999999999778e-01
7.746662311374715948e+00,5.999999999999999778e-01
7.724289632357251634e+00,5.999999999999999778e-01
7.723594285202797671e+00,5.999999999999999778e-01
7.722839533936007861e+00,5.999999999999999778e-01
7.721917465171597605e+00,5.999999999999999778e-01
7.720622616123201887e+00,5.999999999999999778e-01
7.718433197290347714e+00,5.999999999999999778e-01
7.713817087796506655e+00,5.999999999999999778e-01
7.719840090862447823e+00,5.999999999999999778e-01
7.713291120043628268e+00,5.999999999999999778e-01
7.736767063653086751e+00,5.999999999999999778e-01
7.720465529706094010e+00,5.999999999999999778e-01
7.718553702774236136e+00,5.999999999999999778e-01
7.714507467468334490e+00,5.999999999999999778e-01
7.710268022898289608e+00,5.999999999999999778e-01
7.750329174020467171e+00,5.999999999999999778e-01
7.723671137994060132e+00,5.999999999999999778e-01
7.723005231810156523e+00,5.999999999999999778e-01
7.722418659659243012e+00,5.999999999999999778e-01
7.721831760871194383e+00,5.999999999999999778e-01
7.721178396594500448e+00,5.999999999999999778e-01
7.720367223772805154e+00,5.999999999999999778e-01
7.719219490182626764e+00,5.999999999999999778e-01
7.717279820398299073e+00,5.999999999999999778e-01
7.713060227559464188e+00,5.999999999999999778e-01
7.711810603349815274e+00,5.999999999999999778e-01
7.735965290107263748e+00,5.999999999999999778e-01
7.719273848576746921e+00,5.999999999999999778e-01
7.717582174634489256e+00,5.999999999999999778e-01
7.714053506768270729e+00,5.999999999999999778e-01
7.706386075901281885e+00,5.999999999999999778e-01
7.763933938679357993e+00,5.999999999999999778e-01
7.724607539661374034e+00,5.999999999999999778e-01
7.723056840113364352e+00,5.999999999999999778e-01
7.722339128035588196e+00,5.999999999999999778e-01
7.721819616979058054e+00,5.999999999999999778e-01
7.721370361471969090e+00,5.999999999999999778e-01
7.720937114312558691e+00,5.999999999999999778e-01
7.720482493594402307e+00,5.999999999999999778e-01
7.719966216693030958e+00,5.999999999999999778e-01
7.719327424102534252e+00,5.999999999999999778e-01
7.718450250051511752e+00,5.999999999999999778e-01
7.717065489611855789e+00,5.999999999999999778e-01
7.714386174563170329e+00,5.999999999999999778e-01
7.708146517183920743e+00,5.999999999999999778e-01
7.735522836735534646e+00,5.999999999999999778e-01
7.718374185202755200e+00,5.999999999999999778e-01
7.717039838686395647e+00,5.999999999999999778e-01
7.714478520423644348e+00,5.999999999999999778e-01
7.707983002291334707e+00,5.999999999999999778e-01
7.732293437941460290e+00,5.999999999999999778e-01
7.716780223021216578e+00,5.999999999999999778e-01
7.713964917070378569e+00,5.999999999999999778e-01
7.706207705121916440e+00,5.999999999999999778e-01
7.743904331763030058e+00,5.999999999999999778e-01
7.720262405649861215e+00,5.999999999999999778e-01
7.719752532952973922e+00,5.999999999999999778e-01
7.719186999721705966e+00,5.999999999999999778e-01
7.718483887078704697e+00,5.999999999999999778e-01
7.717488354347170620e+00,5.999999999999999778e-01
7.715811786895827140e+00,5.999999999999999778e-01
7.712101065832354330e+00,5.999999999999999778e-01
7.702887749644314219e+00,5.999999999999999778e-01
7.781945128988385640e+00,5.999999999999999778e-01
7.721590555785710741e+00,5.999999999999999778e-01
7.720962489972085230e+00,5.999999999999999778e-01
7.720530164406105733e+00,5.999999999999999778e-01
7.720171505722670524e+00,5.999999999999999778e-01
7.719839252889243220e+00,5.999999999999999778e-01
7.719505795219046007e+00,5.999999999999999778e-01
7.719147440746259470e+00,5.999999999999999778e-01
7.718735700661262022e+00,5.999999999999999778e-01
7.718226759577384577e+00,5.999999999999999778e-01
7.717539979886152146e+00,5.999999999999999778e-01
7.716499893085670969e+00,5.999999999999999778e-01
7.714636638597263563e+00,5.999999999999999778e-01
7.710285007150631031e+00,5.999999999999999778e-01
7.708113608909614278e+00,5.999999999999999778e-01
7.740592897506910930e+00,5.999999999999999778e-01
7.718779112783667351e+00,5.999999999999999778e-01
7.718309703588423609e+00,5.999999999999999778e-01
7.717709318979017574e+00,5.999999999999999778e-01
7.716853807820821309e+00,5.999999999999999778e-01
7.715441189473980721e+00,5.999999999999999778e-01
7.712501983282236573e+00,5.999999999999999778e-01
7.704097203416014672e+00,5.999999999999999778e-01
7.752180586369306070e+00,5.999999999999999778e-01
7.720591617575446541e+00,5.999999999999999778e-01
7.720052947404654198e+00,5.999999999999999778e-01
7.719660405675187853e+00,5.999999999999999778e-01
7.719322573299321810e+00,5.999999999999999778e-01
7.718999241338430295e+00,5.999999999999999778e-01
7.718663324522132108e+00,5.999999999999999778e-01
7.718287790961430694e+00,5.999999999999999778e-01
7.717835665959168701e+00,5.999999999999999778e-01
7.717243842061343173e+00,5.999999999999999778e-01
7.716383655380745665e+00,5.999999999999999778e-01
7.714936088731973562e+00,5.999999999999999778e-01
7.711857775209167265e+00,5.999999999999999778e-01
7.703208081710691602e+00,5.999999999999999778e-01
7.758490092120077009e+00,5.999999999999999778e-01
7.721256282877085653e+00,5.999999999999999778e-01
7.720214479115806938e+00,5.999999999999999778e-01
7.719723094275646957e+00,5.999999999999999778e-01
7.719373457559854934e+00,5.999999999999999778e-01
7.719079261115904700e+00,5.999999999999999778e-01
7.718805004798312552e+00,5.999999999999999778e-01
7.718529291771131007e+00,5.999999999999999778e-01
7.718233812305065555e+00,5.999999999999999778e-01
7.717897246866338712e+00,5.999999999999999778e-01
7.717488407788303029e+00,5.999999999999999778e-01
7.716953455896686798e+00,5.999999999999999778e-01
7.716184713940404727e+00,5.999999999999999778e-01
7.714926399810241975e+00,5.999999999999999778e-01
7.712402537612039310e+00,5.999999999999999778e-01
7.705511864540547151e+00,5.999999999999999778e-01
7.732602282036399544e+00,5.999999999999999778e-01
7.715823698567063182e+00,5.999999999999999778e-01
7.714257005896153707e+00,5.999999999999999778e-01
7.710723099199579877e+00,5.999999999999999778e-01
7.700575698129910052e+00,5.999999999999999778e-01
7.784041033547917543e+00,5.999999999999999778e-01
7.720434274909654171e+00,5.999999999999999778e-01
7.719723030780070161e+00,5.999999999999999778e-01
7.719337217493563941e+00,5.999999999999999778e-01
7.719055945048495460e+00,5.999999999999999778e-01
7.718820448093699049e+00,5.999999999999999778e-01
7.718605446035513573e+00,5.999999999999999778e-01
7.718396360930288580e+00,5.999999999999999778e-01
7.718182240470095934e+00,5.999999999999999778e-01
7.717952474552974174e+00,5.999999999999999778e-01
7.717694308903851663e+00,5.999999999999999778e-01
7.717389710432293271e+00,5.999999999999999778e-01
7.717009829561565226e+00,5.999999999999999778e-01
7.716503118944570083e+00,5.999999999999999778e-01
7.715765507401814993e+00,5.999999999999999778e-01
7.714550367041884904e+00,5.999999999999999778e-01
7.712117234621222117e+00,5.999999999999999778e-01
7.705514419664555525e+00,5.999999999999999778e-01
7.728923023305422468e+00,5.999999999999999778e-01
7.713881562949180370e+00,5.999999999999999778e-01
7.710417948904296104e+00,5.999999999999999778e-01
7.700424541469452322e+00,5.999999999999999778e-01
7.785701892863411189e+00,5.999999999999999778e-01
7.718513233125768203e+00,5.999999999999999778e-01
7.718338777271376294e+00,5.999999999999999778e-01
7.718164679054118515e+00,5.999999999999999778e-01
7.717985049819794163e+00,5.999999999999999778e-01
7.717792594211029922e+00,5.999999999999999778e-01
7.717578445927983921e+00,5.999999999999999778e-01
7.717330363949034933e+00,5.999999999999999778e-01
7.717029658189589192e+00,5.999999999999999778e-01
7.716645077614633585e+00,5.999999999999999778e-01
7.716119014066254778e+00,5.999999999999999778e-01
7.715331555776624661e+00,5.999999999999999778e-01
7.713986953067174746e+00,5.999999999999999778e-01
7.711139200033077401e+00,5.999999999999999778e-01
7.702987824903111402e+00,5.999999999999999778e-01
7.748592220762307470e+00,5.999999999999999778e-01
7.718418211811537866e+00,5.999999999999999778e-01
7.718232243160175976e+00,5.999999999999999778e-01
7.718055081306810727e+00,5.999999999999999778e-01
7.717877923099050186e+00,5.999999999999999778e-01
7.717693047294903685e+00,5.999999999999999778e-01
7.717492164746425409e+00,5.999999999999999778e-01
7.717264791270611823e+00,5.999999999999999778e-01
7.716995897878209831e+00,5.999999999999999778e-01
7.716661643650112090e+00,5.999999999999999778e-01
7.716220391144765323e+00,5.999999999999999778e-01
7.715591035031930112e+00,5.999999999999999778e-01
7.714591295655597314e+00,5.999999999999999778e-01
7.712715639517747412e+00,5.999999999999999778e-01
7.708016065206069634e+00,5.999999999999999778e-01
7.705902405215597106e+00,5.999999999999999778e-01
7.742796786256277208e+00,5.999999999999999778e-01
7.717515182101865712e+00,5.999999999999999778e-01
7.717288862909664537e+00,5.999999999999999778e-01
7.717028248312611360e+00,5.999999999999999778e-01
7.716712307063797738e+00,5.999999999999999778e-01
7.716305818589415111e+00,5.999999999999999778e-01
7.715742714341494057e+00,5.999999999999999778e-01
7.714880900031590549e+00,5.999999999999999778e-01
7.713349504853727723e+00,5.999999999999999778e-01
7.709823413354470745e+00,5.999999999999999778e-01
7.698650694621268720e+00,5.999999999999999778e-01
7.874687302291384583e+00,5.999999999999999778e-01
7.708352114454446458e+00,5.999999999999999778e-01
7.727473187932743848e+00,5.999999999999999778e-01
7.712645688601568850e+00,5.999999999999999778e-01
7.707623431346728893e+00,5.999999999999999778e-01
7.703521411696713450e+00,5.999999999999999778e-01
7.763271126527491184e+00,5.999999999999999778e-01
7.720073041326980245e+00,5.999999999999999778e-01
7.719256596403982762e+00,5.999999999999999778e-01
7.718897189816323667e+00,5.999999999999999778e-01
7.718662364150350896e+00,5.999999999999999778e-01
7.718484297098190616e+00,5.999999999999999778e-01
7.718337340358417009e+00,5.999999999999999778e-01
7.718209007736462901e+00,5.999999999999999778e-01
7.718092181706783350e+00,5.999999999999999778e-01
7.717982281709905301e+00,5.999999999999999778e-01
7.717876020538742665e+00,5.999999999999999778e-01
7.717770770181545892e+00,5.999999999999999778e-01
7.717664186049785435e+00,5.999999999999999778e-01
7.717553939652737505e+00,5.999999999999999778e-01
7.717437481011406142e+00,5.999999999999999778e-01
7.717311774198592822e+00,5.999999999999999778e-01
7.717172945174925580e+00,5.999999999999999778e-01
7.717015751443071281e+00,5.999999999999999778e-01
7.716832711368535769e+00,5.999999999999999778e-01
7.716612568886944246e+00,5.999999999999999778e-01
7.716337385068889887e+00,5.999999999999999778e-01
7.715976555401472758e+00,5.999999999999999778e-01
7.715473171724158696e+00,5.999999999999999778e-01
7.714708403791134650e+00,5.999999999999999778e-01
7.713388882040727701e+00,5.999999999999999778e-01
7.710573155482404850e+00,5.999999999999999778e-01
7.702210921157789159e+00,5.999999999999999778e-01
7.748206573484331727e+00,5.999999999999999778e-01
7.717616772753737031e+00,5.999999999999999778e-01
7.717510381850175349e+00,5.999999999999999778e-01
7.717401166077434205e+00,5.999999999999999778e-01
7.717286547059427626e+00,5.999999999999999778e-01
7.717163564755789018e+00,5.999999999999999778e-01
7.717028533656056233e+00,5.999999999999999778e-01
7.716876558410547204e+00,5.999999999999999778e-01
7.716700758459785980e+00,5.999999999999999778e-01
7.716490926088684255e+00,5.999999999999999778e-01
7.716231028710073048e+00,5.999999999999999778e-01
7.715894172126259498e+00,5.999999999999999778e-01
7.715431399942251467e+00,5.999999999999999778e-01
7.714743391427703934e+00,5.999999999999999778e-01
7.713595064460560202e+00,5.999999999999999778e-01
7.711280169852958721e+00,5.999999999999999778e-01
7.704743870280160500e+00,5.999999999999999778e-01
7.722951401852463427e+00,5.999999999999999778e-01
7.708736174192108770e+00,5.999999999999999778e-01
7.697525804369636404e+00,5.999999999999999778e-01
7.964520276128858711e+00,5.999999999999999778e-01
7.716711060978739489e+00,5.999999999999999778e-01
7.699959299440203075e+00,5.999999999999999778e-01
7.777601429061238747e+00,5.999999999999999778e-01
7.720600733810091931e+00,5.999999999999999778e-01
7.719182927902511260e+00,5.999999999999999778e-01
7.718798368941041765e+00,5.999999999999999778e-01
7.718568601336587953e+00,5.999999999999999778e-01
7.718404766174014497e+00,5.999999999999999778e-01
7.718276814056377333e+00,5.999999999999999778e-01
7.718171058581322796e+00,5.999999999999999778e-01
7.718080161500483705e+00,5.999999999999999778e-01
7.717999745831634506e+00,5.999999999999999778e-01
7.717926992980210343e+00,5.999999999999999778e-01
7.717859977752815404e+00,5.999999999999999778e-01
7.717797320736944577e+00,5.999999999999999778e-01
7.717737992386054735e+00,5.999999999999999778e-01
7.717681195712884801e+00,5.999999999999999778e-01
7.717626292381869035e+00,5.999999999999999778e-01
7.717572754004064173e+00,5.999999999999999778e-01
7.717520128661288226e+00,5.999999999999999778e-01
7.717468016907980122e+00,5.999999999999999778e-01
7.717416053774639018e+00,5.999999999999999778e-01
7.717363894571192873e+00,5.999999999999999778e-01
7.717311203020805088e+00,5.999999999999999778e-01
7.717257640677389396e+00,5.999999999999999778e-01
7.717202856815622347e+00,5.999999999999999778e-01
7.717146478094043083e+00,5.999999999999999778e-01
7.717088097311275874e+00,5.999999999999999778e-01
7.717027260513170894e+00,5.999999999999999778e-01
7.716963451558935816e+00,5.999999999999999778e-01
7.716896072995695910e+00,5.999999999999999778e-01
7.716824421680022361e+00,5.999999999999999778e-01
7.716747656946844280e+00,5.999999999999999778e-01
7.716664758136121627e+00,5.999999999999999778e-01
7.716574466725812265e+00,5.999999999999999778e-01
7.716475205812145965e+00,5.999999999999999778e-01
7.716364965544652676e+00,5.999999999999999778e-01
7.716241136109392329e+00,5.999999999999999778e-01
7.716100257541256724e+00,5.999999999999999778e-01
7.715937633175408372e+00,5.999999999999999778e-01
7.715746710649585616e+00,5.999999999999999778e-01
7.715518048069636592e+00,5.999999999999999778e-01
7.715237498256366955e+00,5.999999999999999778e-01
7.714882818350986327e+00,5.999999999999999778e-01
7.714416838627651707e+00,5.999999999999999778e-01
7.713772296994694244e+00,5.999999999999999778e-01
7.712813612391705043e+00,5.999999999999999778e-01
7.711222733862509671e+00,5.999999999999999778e-01
7.708081354636935778e+00,5.999999999999999778e-01
7.701423857737651701e+00,5.999999999999999778e-01
7.733224083313363195e+00,5.999999999999999778e-01
7.710970319616801127e+00,5.999999999999999778e-01
7.705939522590292690e+00,5.999999999999999778e-01
7.675141745923107273e+00,5.999999999999999778e-01
7.623428200449509973e+00,5.999999999999999778e-01
7.605183387263164008e+00,5.999999999999999778e-01
7.578533668507464682e+00,5.999999999999999778e-01
7.690713812986569309e+00,5.999999999999999778e-01
7.553386306744031664e+00,5.999999999999999778e-01
7.489498475804470701e+00,5.999999999999999778e-01
7.287321942845969680e+00,5.999999999999999778e-01
7.097375767964318349e+00,5.999999999999999778e-01
6.803908888115448583e+00,7.333333333333332815e-01
6.943204091805060152e+00,7.333333333333332815e-01
6.641692760177941857e+00,7.333333333333332815e-01
6.868604248765641351e+00,7.333333333333332815e-01
6.465260519572037623e+00,8.333333333333333703e-01
6.038572701952290345e+00,8.666666666666666963e-01
6.117449255101892192e+00,9.666666666666666741e-01
5.884539021430733818e+00,7.333333333333332815e-01
5.125573979090201959e+00,7.333333333333332815e-01
5.268822127768374664e+00,7.333333333333332815e-01
5.025038155530935136e+00,7.333333333333332815e-01
5.083197524641531295e+00,9.333333333333333481e-01
6.135665732681211182e+00,5.999999999999999778e-01
7.733153847712853413e+00,5.999999999999999778e-01
6.514412760885878839e+00,9.333333333333333481e-01
6.391908202836784625e+00,9.666666666666666741e-01
3.880171117924854141e+00,9.333333333333333481e-01
3.158652933113677008e+00,9.333333333333333481e-01
6.826232336963038883e+00,5.999999999999999778e-01
7.167574872238464678e+00,9.333333333333333481e-01
3.167223054940919269e+00,9.333333333333333481e-01
2.993014970898952853e+00,9.333333333333333481e-01
3.688586785559143877e+00,9.333333333333333481e-01
3.587031119058766482e+00,9.333333333333333481e-01
6.083469368684397693e+00,5.999999999999999778e-01
2.803656054384271012e+00,9.333333333333333481e-01
2.319928055988202953e+00,9.333333333333333481e-01
6.723752345875986691e+00,5.999999999999999778e-01
4.027649179473947960e+00,9.333333333333333481e-01
6.276956881917528541e+00,5.999999999999999778e-01
5.300227690028470384e+00,1.000000000000000000e+00
3.103144827697580599e+00,9.333333333333333481e-01
5.588601518834025228e+00,5.999999999999999778e-01
7.504322113650583326e+00,5.999999999999999778e-01
7.482650812305295496e+00,5.999999999999999778e-01
3.646762668922722384e+00,9.333333333333333481e-01
4.694902042801107456e+00,9.333333333333333481e-01
5.105324496107400911e+00,1.000000000000000000e+00
2.101820227564842547e+00,9.333333333333333481e-01
2.755217907017893264e+00,9.333333333333333481e-01
2.127343258010734761e+00,9.333333333333333481e-01
2.680369742686798507e+00,9.333333333333333481e-01
2.577056747980919216e+00,9.333333333333333481e-01
5.913763264932414110e+00,5.999999999999999778e-01
3.265948463216984621e+00,9.333333333333333481e-01
4.810198405268159227e+00,7.333333333333332815e-01
3.660167648242217187e+00,9.333333333333333481e-01
3.102581064058408611e+00,9.333333333333333481e-01
4.441051660677592494e+00,9.333333333333333481e-01
2.894661874472079344e+00,9.333333333333333481e-01
2.735198811784476991e+00,9.333333333333333481e-01
3.198081292776858486e+00,6.999999999999999556e-01
2.056891264821968601e+00,9.333333333333333481e-01
3.104988076750805792e+00,9.333333333333333481e-01
3.781399946651446964e+00,9.333333333333333481e-01
3.781000896294897107e+00,9.666666666666666741e-01
2.521915724528209779e+00,9.333333333333333481e-01
2.133328880534516969e+00,6.999999999999999556e-01
2.788252542109666887e+00,9.333333333333333481e-01
1.747915391672980379e+00,9.333333333333333481e-01
2.887561321647419188e+00,9.333333333333333481e-01
3.500942945715009191e+00,9.333333333333333481e-01
4.983187892111430983e+00,9.000000000000000222e-01
3.028328011213007986e+00,9.333333333333333481e-01
2.163298582864375152e+00,9.333333333333333481e-01
2.709097232218679707e+00,9.333333333333333481e-01
2.697571208287866451e+00,9.333333333333333481e-01
6.199379135956093023e+00,5.999999999999999778e-01
7.463213203699980092e+00,5.999999999999999778e-01
7.031133106346153738e+00,9.666666666666666741e-01
4.161333788688657442e+00,8.666666666666666963e-01
5.740952396930887325e+00,6.999999999999999556e-01
3.457941328230022204e+00,9.333333333333333481e-01
1.884676332178491842e+00,9.333333333333333481e-01
1.864774707952022714e+00,9.333333333333333481e-01
4.351811181207792423e+00,9.666666666666666741e-01
2.534113307573448548e+00,9.333333333333333481e-01
5.377629947477320371e+00,6.999999999999999556e-01
2.495981188307295540e+00,9.333333333333333481e-01
2.430823709878474403e+00,9.333333333333333481e-01
2.550801856174614635e+00,9.333333333333333481e-01
2.672285603664922959e+00,9.333333333333333481e-01
1.607522429530078512e+00,9.333333333333333481e-01
4.627864436987269237e+00,6.999999999999999556e-01
2.310130768330316275e+00,9.333333333333333481e-01
4.275953722058852158e+00,6.999999999999999556e-01
4.181646206153235568e+00,9.333333333333333481e-01
3.025547396040330739e+00,9.333333333333333481e-01
2.703427312995538845e+00,9.333333333333333481e-01
1.891638134927750015e+00,9.333333333333333481e-01
2.975155729169346230e+00,9.333333333333333481e-01
1.726766477698229663e+00,9.333333333333333481e-01
1.949287560924250373e+00,9.333333333333333481e-01
3.143070013520322448e+00,9.333333333333333481e-01
3.070679189032638146e+00,9.333333333333333481e-01
1.605270155599763493e+00,9.333333333333333481e-01
4.608588551781969578e+00,6.999999999999999556e-01
4.008750574637281794e+00,9.666666666666666741e-01
3.297707338636157726e+00,9.333333333333333481e-01
2.787446649819679489e+00,9.333333333333333481e-01
3.048488000594195668e+00,9.333333333333333481e-01
3.574170874265435671e+00,1.000000000000000000e+00
3.484955905569968149e+00,9.666666666666666741e-01
1.707637453816784223e+00,9.333333333333333481e-01
3.202366876884182645e+00,9.333333333333333481e-01
2.398511575948037322e+00,9.666666666666666741e-01
2.656535161470828132e+00,9.333333333333333481e-01
2.849639266932784576e+00,9.333333333333333481e-01
3.179787808906624047e+00,1.000000000000000000e+00
1.958865247848472491e+00,9.333333333333333481e-01
1.954284568475280759e+00,9.333333333333333481e-01
2.976577900212870276e+00,1.000000000000000000e+00
2.941426078798214494e+00,9.000000000000000222e-01
2.340111855111593808e+00,9.333333333333333481e-01
3.170485608376310882e+00,6.999999999999999556e-01
4.233613174955710434e+00,9.333333333333333481e-01
2.560496023230474982e+00,9.333333333333333481e-01
1.959672055088536924e+00,9.333333333333333481e-01
1.594669216383226340e+00,9.333333333333333481e-01
1.945497913103316323e+00,9.333333333333333481e-01
2.003190580417429256e+00,9.333333333333333481e-01
2.427691876490149614e+00,9.333333333333333481e-01
2.653338719959626779e+00,9.333333333333333481e-01
2.361157874469850704e+00,9.333333333333333481e-01
3.138416614671696525e+00,9.333333333333333481e-01
3.077953448514670232e+00,7.333333333333332815e-01
2.430150719423563643e+00,9.333333333333333481e-01
1.041156597768670755e+00,9.333333333333333481e-01
7.376116648315730329e-01,9.333333333333333481e-01
1.438827221952330371e+00,9.333333333333333481e-01
2.570080996466091339e+00,9.666666666666666741e-01
1.791010725280404836e+00,9.333333333333333481e-01
2.870508833167480844e+00,9.333333333333333481e-01
5.669900872729255248e+00,9.000000000000000222e-01
3.430289330297093375e+00,9.333333333333333481e-01
1.625497765433492114e+00,9.333333333333333481e-01
1.595988511067688798e+00,9.333333333333333481e-01
2.537142986460721783e+00,6.999999999999999556e-01
3.280492954482491452e+00,9.333333333333333481e-01
1.638349832755967350e+00,9.000000000000000222e-01
1.817486682318218749e+00,9.333333333333333481e-01
1.853906936077572398e+00,9.333333333333333481e-01
3.144535359500630900e+00,9.333333333333333481e-01
3.028479234185699642e+00,6.999999999999999556e-01
2.513174333728744880e+00,9.333333333333333481e-01
3.141903283932792501e+00,1.000000000000000000e+00
3.422073630358912322e+00,9.333333333333333481e-01
2.025177797058561602e+00,9.333333333333333481e-01
1.631177443925818871e+00,9.333333333333333481e-01
1.789848091201641234e+00,9.333333333333333481e-01
2.078560664528527280e+00,9.333333333333333481e-01
2.490012997075043089e+00,6.999999999999999556e-01
2.202107646491465509e+00,9.333333333333333481e-01
1.547471977926562881e+00,9.333333333333333481e-01
1.635082975934938121e+00,9.333333333333333481e-01
1.545412858533298683e+00,9.333333333333333481e-01
1.433252465370924433e+00,9.333333333333333481e-01
1.524664041099132339e+00,9.000000000000000222e-01
4.732362397222765082e+00,9.333333333333333481e-01
2.022888235234823195e+00,9.333333333333333481e-01
4.098323811873143541e+00,9.333333333333333481e-01
1.771676543078325672e+00,9.333333333333333481e-01
1.200377028045458649e+00,9.333333333333333481e-01
1.456247040582322017e+00,9.333333333333333481e-01
2.140761717219235916e+00,9.333333333333333481e-01
6.906435467770003500e-01,9.333333333333333481e-01
1.287477869370988293e+00,8.666666666666666963e-01
2.667714169289425286e+00,9.333333333333333481e-01
1.551616505322644501e+00,9.333333333333333481e-01
1.244894607421217048e+00,8.666666666666666963e-01
2.109309477489222040e+00,9.333333333333333481e-01
1.627089293272958592e+00,8.666666666666666963e-01
2.223506037265893021e+00,9.333333333333333481e-01
2.394156066071750022e+00,9.333333333333333481e-01
9.476528886864694634e-01,9.333333333333333481e-01
1.282295914050367802e+00,9.333333333333333481e-01
1.750751243571952109e+00,9.333333333333333481e-01
9.843360744180339461e-01,9.333333333333333481e-01
1.270166054733806726e+00,9.333333333333333481e-01
1.417258784985988562e+00,9.333333333333333481e-01
2.183622827570579794e+00,9.333333333333333481e-01
2.637215716911799124e+00,9.333333333333333481e-01
1.781067483662007289e+00,8.666666666666666963e-01
2.176834934622083217e+00,8.666666666666666963e-01
2.105921549886300426e+00,9.333333333333333481e-01
2.081044471340837365e+00,9.333333333333333481e-01
2.456933404370942764e+00,6.999999999999999556e-01
3.048968181368786556e+00,8.333333333333333703e-01
2.420618672847264730e+00,9.333333333333333481e-01
5.528773371769137412e+00,9.000000000000000222e-01
4.348514535138452430e+00,9.333333333333333481e-01
3.050229583202648698e+00,9.333333333333333481e-01
1.508095535437786516e+00,9.333333333333333481e-01
9.822033385250156234e-01,9.333333333333333481e-01
1.244284649468329507e+00,9.333333333333333481e-01
1.458504856581422260e+00,9.333333333333333481e-01
2.467877631737709354e+00,9.333333333333333481e-01
1.899172507851340397e+00,9.000000000000000222e-01
3.538514092688890056e+00,6.999999999999999556e-01
2.726623291678174965e+00,8.333333333333333703e-01
2.165956092099890817e+00,9.333333333333333481e-01
2.418202100595195247e+00,9.000000000000000222e-01
2.110839841038244291e+00,9.333333333333333481e-01
1.479421042029064104e+00,9.333333333333333481e-01
6.847223467911592865e-01,9.333333333333333481e-01
1.449915057574385102e+00,9.333333333333333481e-01
2.736325127980361316e+00,9.333333333333333481e-01
1.514664312797174617e+00,9.333333333333333481e-01
1.518253619683638478e+00,9.333333333333333481e-01
3.008836455564065648e+00,9.333333333333333481e-01
1.550451030414642162e+00,9.333333333333333481e-01
9.995237866468299481e-01,8.333333333333333703e-01
2.393801006072297621e+00,9.333333333333333481e-01
2.634907028861187772e+00,9.333333333333333481e-01
1.545268146464993775e+00,9.333333333333333481e-01
2.428587195253312903e+00,8.333333333333333703e-01
1.952311924877124349e+00,9.000000000000000222e-01
2.679128618063871148e+00,9.333333333333333481e-01
1.498418313335105667e+00,8.333333333333333703e-01
2.416905993995374313e+00,9.333333333333333481e-01
1.228164434925456128e+00,9.333333333333333481e-01
6.959221804606410267e-01,9.333333333333333481e-01
1.199523016001655007e+00,9.000000000000000222e-01
2.033602191534525261e+00,9.333333333333333481e-01
1.256971712103434280e+00,9.333333333333333481e-01
1.984156412854945373e+00,9.333333333333333481e-01
1.421308352970313882e+00,9.666666666666666741e-01
2.435681909056129246e+00,9.333333333333333481e-01
2.112907615018193130e+00,9.333333333333333481e-01
1.602004523723409291e+00,9.333333333333333481e-01
4.069668965923130877e+00,1.000000000000000000e+00
1.487017130450588809e+00,9.000000000000000222e-01
1.927808644543624439e+00,9.666666666666666741e-01
2.767653431827690635e+00,9.333333333333333481e-01
1.405117257957370525e+00,9.333333333333333481e-01
1.234798731972880370e+00,9.333333333333333481e-01
2.135172731268241808e+00,9.333333333333333481e-01
2.371610722222612377e+00,6.999999999999999556e-01
3.187361599115706934e+00,9.333333333333333481e-01
3.018340500959581618e+00,6.999999999999999556e-01
3.067429567452766292e+00,9.333333333333333481e-01
7.036874052626371778e-01,9.333333333333333481e-01
2.313540069908717633e+00,9.333333333333333481e-01
1.494680814548679182e+00,9.333333333333333481e-01
3.003285186335108659e+00,7.333333333333332815e-01
3.045718534219183926e+00,9.333333333333333481e-01
3.410794997190615518e+00,9.333333333333333481e-01
1.000770297603143844e+00,9.333333333333333481e-01
1.245113500341249013e+00,9.333333333333333481e-01
1.638459195642553601e+00,9.666666666666666741e-01
2.443967268903018297e+00,9.333333333333333481e-01
9.520381594595428432e-01,9.333333333333333481e-01
1.319699931778056001e+00,9.333333333333333481e-01
6.780545221542765288e-01,9.333333333333333481e-01
1.607817842493584282e+00,8.333333333333333703e-01
2.193133916207979706e+00,8.333333333333333703e-01
2.411918378980510980e+00,9.000000000000000222e-01
1.983642998365162002e+00,9.333333333333333481e-01
1.888089910608446331e+00,9.333333333333333481e-01
1.555336430326017760e+00,8.333333333333333703e-01
2.037397552213370933e+00,9.333333333333333481e-01
1.240509646162001545e+00,8.333333333333333703e-01
3.026663853687725503e+00,9.000000000000000222e-01
1.118670385654748856e+00,9.333333333333333481e-01
6.734466243719768874e-01,9.333333333333333481e-01
6.717215201727316787e-01,9.333333333333333481e-01
1.680457798683067550e+00,9.000000000000000222e-01
9.709650857542008184e-01,9.333333333333333481e-01
2.487801067798763199e+00,8.333333333333333703e-01
2.020409398645969024e+00,9.333333333333333481e-01
2.435693927897069067e+00,9.333333333333333481e-01
1.726839415079192586e+00,8.333333333333333703e-01
2.318311905958585495e+00,9.333333333333333481e-01
1.218506966617262099e+00,9.333333333333333481e-01
1.241140329545436627e+00,8.666666666666666963e-01
2.822077007727423759e+00,9.333333333333333481e-01
1.641468441580906656e+00,9.333333333333333481e-01
6.718815473496569934e-01,9.333333333333333481e-01
1.278876019313842649e+00,9.333333333333333481e-01
1.519201150579840842e+00,9.333333333333333481e-01
1.627039523837951807e+00,9.333333333333333481e-01
6.675116539786830616e-01,9.333333333333333481e-01
6.674810417331795698e-01,9.333333333333333481e-01
6.658265384045999324e-01,9.333333333333333481e-01
4.193113659920340908e+00,8.666666666666666963e-01
3.496516665498370813e+00,9.666666666666666741e-01
1.802607869178355804e+00,9.333333333333333481e-01
1.991908082399712621e+00,8.333333333333333703e-01
3.123293123483867006e+00,6.999999999999999556e-01
2.066860284769066691e+00,9.333333333333333481e-01
6.769397739524350976e-01,9.333333333333333481e-01
6.673201907064947314e-01,9.333333333333333481e-01
6.676708329426300770e-01,9.333333333333333481e-01
6.667708749279356306e-01,9.333333333333333481e-01
1.266379316470410688e+00,9.333333333333333481e-01
1.221488817929444082e+00,9.333333333333333481e-01
1.553760631831733852e+00,9.333333333333333481e-01
1.254449081895944618e+00,8.333333333333333703e-01
2.063709593985955326e+00,9.333333333333333481e-01
2.093471952969875982e+00,9.666666666666666741e-01
2.558352490942868318e+00,9.333333333333333481e-01
6.820489170821049107e-01,9.333333333333333481e-01
6.703845987708679788e-01,9.333333333333333481e-01
6.612093219401323774e-01,9.333333333333333481e-01
6.602746380520698732e-01,9.333333333333333481e-01
6.593289794057201059e-01,9.333333333333333481e-01
6.585769434490739149e-01,9.333333333333333481e-01
6.577105935432042694e-01,9.333333333333333481e-01
6.571457851086389690e-01,9.333333333333333481e-01
6.563417624997326394e-01,9.333333333333333481e-01
6.563087362423949411e-01,9.333333333333333481e-01
6.558339878188054195e-01,9.333333333333333481e-01
6.599787265872669728e-01,9.333333333333333481e-01
6.546224841095032998e-01,9.333333333333333481e-01
6.579752062363738441e-01,9.333333333333333481e-01
6.544920040242235837e-01,9.333333333333333481e-01
6.599856610479016839e-01,9.333333333333333481e-01
6.539744510777464326e-01,9.333333333333333481e-01
6.650402775709977066e-01,9.333333333333333481e-01
6.585598453772024685e-01,9.333333333333333481e-01
6.536469847227271979e-01,9.333333333333333481e-01
2.392693916087395234e+00,6.999999999999999556e-01
4.083178924812915334e+00,7.333333333333332815e-01
2.859148097736859295e+00,9.000000000000000222e-01
2.322344351952696506e+00,9.333333333333333481e-01
1.999997694885497834e+00,8.333333333333333703e-01
3.852889905605881626e+00,9.666666666666666741e-01
2.806454290430986376e+00,9.666666666666666741e-01
2.360041443164691000e+00,9.333333333333333481e-01
6.611140988663996021e-01,9.333333333333333481e-01
6.555053979936603659e-01,9.333333333333333481e-01
6.564170045809629706e-01,9.333333333333333481e-01
6.562990692213884758e-01,9.333333333333333481e-01
1.004901446307439050e+00,8.333333333333333703e-01
2.407874140505377181e+00,9.000000000000000222e-01
1.716965902783110343e+00,9.333333333333333481e-01
3.282850074698408616e+00,1.000000000000000000e+00
3.368580176269723836e+00,9.333333333333333481e-01
1.897991824771090075e+00,9.333333333333333481e-01
1.237777039097910814e+00,9.333333333333333481e-01
2.092085565333797970e+00,9.333333333333333481e-01
6.682760671272266473e-01,9.333333333333333481e-01
6.575410718078010808e-01,9.333333333333333481e-01
6.563763063850936996e-01,9.333333333333333481e-01
6.578402670254657192e-01,9.333333333333333481e-01
6.563188160536989058e-01,9.333333333333333481e-01
6.612552226346662954e-01,9.333333333333333481e-01
6.557923409813682936e-01,9.333333333333333481e-01
6.690280001344253158e-01,9.333333333333333481e-01
9.836832913870291462e-01,9.333333333333333481e-01
6.594499277861184394e-01,9.333333333333333481e-01
6.532434951901086029e-01,9.333333333333333481e-01
6.576775057031315486e-01,9.333333333333333481e-01
6.524572197954855435e-01,9.333333333333333481e-01
6.568470956740027900e-01,9.333333333333333481e-01
6.523823091590280621e-01,9.333333333333333481e-01
6.573830229781545409e-01,9.333333333333333481e-01
6.533748793914950781e-01,9.333333333333333481e-01
2.021814110561674038e+00,8.333333333333333703e-01
2.035031674869861806e+00,9.333333333333333481e-01
1.431293202849689195e+00,9.333333333333333481e-01
2.190505365386619108e+00,9.333333333333333481e-01
1.336367109853140667e+00,9.666666666666666741e-01
4.133464285068178867e+00,9.666666666666666741e-01
1.530188940973852496e+00,9.333333333333333481e-01
1.945774985466184326e+00,8.333333333333333703e-01
2.441853954844498631e+00,9.333333333333333481e-01
3.812840183273478178e+00,9.333333333333333481e-01
9.149536867537855223e-01,9.333333333333333481e-01
9.720485920783114020e-01,9.333333333333333481e-01
6.599265607367671427e-01,9.333333333333333481e-01
6.638010031742809236e-01,9.333333333333333481e-01
5.375571848419183674e+00,8.333333333333333703e-01
4.293964343251171378e+00,9.333333333333333481e-01
2.154418651862993084e+00,9.000000000000000222e-01
2.575731536741290295e+00,8.333333333333333703e-01
2.604789148029644785e+00,9.666666666666666741e-01
9.837622276356499107e-01,9.333333333333333481e-01
1.256807596519621706e+00,9.333333333333333481e-01
2.307731137689566392e+00,9.333333333333333481e-01
3.415457060350298502e+00,9.666666666666666741e-01
1.493747003993769917e+00,9.333333333333333481e-01
2.545970871480377262e+00,8.333333333333333703e-01
2.398743772051716405e+00,9.333333333333333481e-01
2.101429611544796572e+00,9.333333333333333481e-01
2.652368701506259807e+00,9.666666666666666741e-01
1.458183789778511041e+00,8.333333333333333703e-01
1.607614035189802948e+00,9.333333333333333481e-01
1.504264813693380276e+00,8.666666666666666963e-01
2.464102797064664507e+00,9.333333333333333481e-01
1.144943979912669940e+00,9.333333333333333481e-01
6.838636182986355116e-01,9.333333333333333481e-01
3.101057812214840670e+00,9.666666666666666741e-01
1.508931562233261081e+00,9.333333333333333481e-01
1.103057006486186431e+00,8.333333333333333703e-01
2.172561823501995892e+00,9.333333333333333481e-01
1.745871285656438232e+00,9.000000000000000222e-01
2.748054826472269507e+00,7.333333333333332815e-01
2.722938331233790255e+00,9.000000000000000222e-01
1.470041612683773424e+00,9.333333333333333481e-01
1.020362732728645083e+00,9.333333333333333481e-01
9.601976601738061445e-01,9.333333333333333481e-01
1.446449458899309315e+00,9.000000000000000222e-01
2.938150895110577476e+00,9.333333333333333481e-01
1.100651354003743254e+00,9.000000000000000222e-01
2.155333946182328653e+00,9.666666666666666741e-01
1.265201916024758733e+00,9.333333333333333481e-01
1.861589110174555417e+00,9.666666666666666741e-01
3.086159532773204983e+00,8.333333333333333703e-01
2.295109233407925498e+00,9.000000000000000222e-01
2.836466845632706679e+00,9.333333333333333481e-01
7.070088959695354225e-01,9.333333333333333481e-01
1.251737834563349860e+00,8.333333333333333703e-01
2.003789879075994484e+00,9.333333333333333481e-01
6.766321091436893198e-01,9.333333333333333481e-01
3.295234999775653595e+00,7.333333333333332815e-01
2.803543167139238790e+00,9.333333333333333481e-01
1.660148216136454247e+00,9.333333333333333481e-01
9.750693941750708804e-01,9.333333333333333481e-01
1.223435987911940082e+00,9.333333333333333481e-01
1.234270528798688149e+00,9.333333333333333481e-01
9.958988135266340080e-01,8.333333333333333703e-01
2.256005199200413092e+00,9.333333333333333481e-01
1.506951023181909877e+00,9.333333333333333481e-01
1.455922745123869211e+00,9.333333333333333481e-01
9.810942344074055077e-01,9.333333333333333481e-01
1.669183372785335573e+00,9.333333333333333481e-01
1.022304273884013126e+00,9.333333333333333481e-01
1.169512302687739647e+00,8.333333333333333703e-01
2.271729122852919058e+00,8.666666666666666963e-01
1.914114185478414276e+00,9.000000000000000222e-01
1.793513850505079388e+00,9.333333333333333481e-01
1.251590977644020830e+00,9.333333333333333481e-01
1.644835340663352463e+00,9.333333333333333481e-01
1.941625340412416856e+00,9.333333333333333481e-01
1.507418640732366866e+00,9.333333333333333481e-01
6.771516886299634441e-01,9.333333333333333481e-01
6.777635027725111838e-01,9.333333333333333481e-01
2.541971010891182825e+00,9.666666666666666741e-01
2.339600570168946181e+00,9.333333333333333481e-01
6.666510542985653043e-01,9.333333333333333481e-01
1.348724912561742428e+00,9.333333333333333481e-01
1.443743007446044002e+00,9.666666666666666741e-01
2.871546594112188711e+00,9.333333333333333481e-01
1.322729873776982812e+00,9.000000000000000222e-01
1.954011214729967527e+00,9.000000000000000222e-01
1.497497477152348822e+00,9.333333333333333481e-01
6.766975376362308614e-01,9.333333333333333481e-01
1.002010044543745648e+00,9.333333333333333481e-01
1.423691060753258908e+00,9.333333333333333481e-01
6.614550563468466482e-01,9.333333333333333481e-01
1.674164827339399197e+00,9.333333333333333481e-01
2.868197198727706176e+00,6.999999999999999556e-01
2.914161010288952358e+00,8.333333333333333703e-01
1.724677358653080583e+00,9.333333333333333481e-01
1.414164054141749949e+00,9.333333333333333481e-01
1.221841367927426036e+00,9.333333333333333481e-01
1.696097153968364246e+00,9.333333333333333481e-01
1.217888118099262451e+00,9.333333333333333481e-01
9.396395917798497921e-01,9.333333333333333481e-01
6.669997035910396610e-01,9.333333333333333481e-01
6.554772465682130456e-01,9.333333333333333481e-01
6.551358169302853307e-01,9.333333333333333481e-01
6.544635907970327571e-01,9.333333333333333481e-01
6.541501190172790414e-01,9.333333333333333481e-01
6.535725253101390964e-01,9.333333333333333481e-01
6.533328360809703694e-01,9.333333333333333481e-01
6.527782513501294570e-01,9.333333333333333481e-01
6.526136989240057806e-01,9.333333333333333481e-01
6.520500920201622863e-01,9.333333333333333481e-01
6.519161485828595115e-01,9.333333333333333481e-01
6.513814382599286690e-01,9.333333333333333481e-01
6.512430243942460839e-01,9.333333333333333481e-01
6.507747759038812196e-01,9.333333333333333481e-01
6.506221731242383122e-01,9.333333333333333481e-01
6.502242093691298352e-01,9.333333333333333481e-01
6.500544595859487629e-01,9.333333333333333481e-01
6.497226405834454210e-01,9.333333333333333481e-01
6.495342939917098102e-01,9.333333333333333481e-01
6.492642400411355874e-01,9.333333333333333481e-01
6.490569477889165384e-01,9.333333333333333481e-01
6.488439267354186857e-01,9.333333333333333481e-01
6.486178745733218731e-01,9.333333333333333481e-01
6.484573624865952457e-01,9.333333333333333481e-01
6.482130564461583422e-01,9.333333333333333481e-01
6.481007832021979942e-01,9.333333333333333481e-01
6.478388736629757672e-01,9.333333333333333481e-01
6.477709484647622418e-01,9.333333333333333481e-01
6.474921623569832585e-01,9.333333333333333481e-01
6.474650309986010877e-01,9.333333333333333481e-01
6.471701070999339445e-01,9.333333333333333481e-01
6.471805836179446159e-01,9.333333333333333481e-01
6.468702592041923882e-01,9.333333333333333481e-01
6.469154502660596773e-01,9.333333333333333481e-01
6.465904300057664367e-01,9.333333333333333481e-01
6.466677629573412966e-01,9.333333333333333481e-01
6.463287301637702376e-01,9.333333333333333481e-01
6.464358465346379257e-01,9.333333333333333481e-01
6.460834345394544931e-01,9.333333333333333481e-01
6.462182712550695873e-01,9.333333333333333481e-01
6.458530991523300235e-01,9.333333333333333481e-01
6.460136907616603752e-01,9.333333333333333481e-01
6.456363070130769488e-01,9.333333333333333481e-01
6.458210522803182752e-01,9.333333333333333481e-01
6.454320322815926270e-01,9.333333333333333481e-01
6.456391485565159405e-01,9.333333333333333481e-01
6.452389239104034946e-01,9.333333333333333481e-01
6.454674426242196228e-01,9.333333333333333481e-01
6.450566337468338629e-01,9.333333333333333481e-01
6.453043060770813355e-01,9.333333333333333481e-01
6.448830537457131973e-01,9.333333333333333481e-01
6.451508430590695564e-01,9.333333333333333481e-01
6.447202485635544766e-01,9.333333333333333481e-01
6.450020199930952547e-01,9.333333333333333481e-01
6.445609016938566027e-01,9.333333333333333481e-01
6.448681390777011302e-01,9.333333333333333481e-01
6.444207493689443345e-01,9.333333333333333481e-01
6.447203224548803124e-01,9.333333333333333481e-01
6.442572872774180448e-01,9.333333333333333481e-01
6.446351410925659220e-01,9.333333333333333481e-01
6.441839604043251288e-01,9.333333333333333481e-01
6.443964168609308540e-01,9.333333333333333481e-01
6.438928410936385349e-01,9.333333333333333481e-01
6.446433990235159728e-01,9.333333333333333481e-01
6.443642040301150731e-01,9.333333333333333481e-01
6.436773559040056547e-01,9.333333333333333481e-01
6.436843104013599826e-01,9.333333333333333481e-01
6.435032985934345806e-01,9.333333333333333481e-01
6.438103953788657519e-01,9.333333333333333481e-01
6.433096264749897930e-01,9.333333333333333481e-01
6.448711453852705722e-01,9.333333333333333481e-01
6.455373530435609686e-01,9.333333333333333481e-01
6.431220779327767589e-01,9.333333333333333481e-01
6.446301765695208186e-01,9.333333333333333481e-01
6.450369465380950684e-01,9.333333333333333481e-01
6.429682497235922334e-01,9.333333333333333481e-01
6.446419253909639879e-01,9.333333333333333481e-01
6.453637476933564709e-01,9.333333333333333481e-01
6.428190448714744543e-01,9.333333333333333481e-01
6.446143470369843920e-01,9.333333333333333481e-01
6.455799663102498309e-01,9.333333333333333481e-01
6.426717206907713864e-01,9.333333333333333481e-01
6.445736173515360656e-01,9.333333333333333481e-01
6.457518050888148009e-01,9.333333333333333481e-01
6.425290898169929710e-01,9.333333333333333481e-01
6.445305791514848170e-01,9.333333333333333481e-01
6.459129797112690419e-01,9.333333333333333481e-01
6.423923711484357257e-01,9.333333333333333481e-01
6.444707253735767472e-01,9.333333333333333481e-01
6.459889714295813379e-01,9.333333333333333481e-01
6.422616711978813564e-01,9.333333333333333481e-01
6.444520683785583959e-01,9.333333333333333481e-01
6.462529197947860515e-01,9.333333333333333481e-01
6.421443111304503404e-01,9.333333333333333481e-01
6.441812660427381765e-01,9.333333333333333481e-01
6.453355010427191951e-01,9.333333333333333481e-01
6.420469173664463680e-01,9.333333333333333481e-01
6.446003371240179858e-01,9.333333333333333481e-01
6.478609288940083699e-01,9.333333333333333481e-01
6.426552877725127955e-01,9.333333333333333481e-01
6.420274224602615654e-01,9.333333333333333481e-01
6.435644849319600569e-01,9.333333333333333481e-01
6.437639064423358315e-01,9.333333333333333481e-01
6.418642827773152204e-01,9.333333333333333481e-01
6.440448088599880494e-01,9.333333333333333481e-01
6.455963408313615259e-01,9.333333333333333481e-01
6.416754470231239571e-01,9.333333333333333481e-01
6.448813956389658486e-01,9.333333333333333481e-01
6.491161445033692967e-01,9.333333333333333481e-01
6.427024853319867059e-01,9.333333333333333481e-01
6.422042300602687215e-01,9.333333333333333481e-01
6.415977805983381632e-01,9.333333333333333481e-01
6.427032744515448481e-01,9.333333333333333481e-01
6.422638696162988881e-01,9.333333333333333481e-01
6.414217748562459631e-01,9.333333333333333481e-01
6.440925589191197620e-01,9.333333333333333481e-01
6.466130002986630876e-01,9.333333333333333481e-01
6.413046869065218702e-01,9.333333333333333481e-01
6.447006600662192888e-01,9.333333333333333481e-01
6.478122393256428024e-01,9.333333333333333481e-01
6.412114651909740504e-01,9.333333333333333481e-01
6.456526504802918565e-01,9.333333333333333481e-01
1.006572524281532655e+00,8.333333333333333703e-01
2.159546350698986483e+00,9.333333333333333481e-01
6.499306718301310903e-01,9.333333333333333481e-01
6.436704254093406075e-01,9.333333333333333481e-01
6.419336594509172933e-01,9.333333333333333481e-01
6.427914548731327171e-01,9.333333333333333481e-01
6.422137111793694286e-01,9.333333333333333481e-01
6.410208356272864005e-01,9.333333333333333481e-01
6.457975243749833894e-01,9.333333333333333481e-01
1.299674256044434761e+00,9.333333333333333481e-01
1.254466041971887602e+00,9.333333333333333481e-01
1.187386687381032369e+00,9.666666666666666741e-01
3.851061094798776896e+00,9.666666666666666741e-01
2.291624689758403832e+00,9.333333333333333481e-01
1.509259507409383749e+00,9.333333333333333481e-01
3.761146381503097214e+00,9.666666666666666741e-01
2.761059010294020677e+00,6.999999999999999556e-01
2.733467871109963809e+00,9.666666666666666741e-01
6.763084615199427274e-01,9.333333333333333481e-01
1.646428336797997494e+00,9.333333333333333481e-01
6.438653689802112945e-01,9.333333333333333481e-01
6.434539737052363817e-01,9.333333333333333481e-01
6.429094481115108506e-01,9.333333333333333481e-01
6.434140061888388162e-01,9.333333333333333481e-01
6.428657191083372302e-01,9.333333333333333481e-01
6.432306430271559350e-01,9.333333333333333481e-01
6.427039209699957345e-01,9.333333333333333481e-01
6.433456872080073330e-01,9.333333333333333481e-01
6.428332747744963660e-01,9.333333333333333481e-01
6.428480102656939366e-01,9.333333333333333481e-01
6.424473728152825247e-01,9.333333333333333481e-01
6.433743130136040378e-01,9.333333333333333481e-01
6.429309779989531570e-01,9.333333333333333481e-01
6.424396641162911648e-01,9.333333333333333481e-01
6.426703277135985548e-01,9.333333333333333481e-01
6.422559005367102225e-01,9.333333333333333481e-01
6.432911563760008722e-01,9.333333333333333481e-01
6.428862509605356435e-01,9.333333333333333481e-01
6.421882560630073344e-01,9.333333333333333481e-01
6.428787238106179469e-01,9.333333333333333481e-01
6.423197613418843988e-01,9.333333333333333481e-01
6.425641505553353339e-01,9.333333333333333481e-01
6.420350815648844245e-01,9.333333333333333481e-01
6.432232312233037153e-01,9.333333333333333481e-01
6.429096189753721324e-01,9.333333333333333481e-01
6.419131422061755687e-01,9.333333333333333481e-01
6.431759551694621324e-01,9.333333333333333481e-01
6.428840448882886527e-01,9.333333333333333481e-01
6.418213440389496371e-01,9.333333333333333481e-01
