open,high,low,close,volume,openTime,closeTime
1330.81,1334.00,1327.01,1331.61,25708.002,2021-02-01 12:45:00,2021-02-01 12:59:59
1331.62,1335.74,1329.14,1334.71,15035.002,2021-02-01 13:00:00,2021-02-01 13:14:59
1334.85,1334.91,1328.80,1330.48,10927.057,2021-02-01 13:15:00,2021-02-01 13:29:59
1330.48,1334.01,1326.06,1333.53,16816.563,2021-02-01 13:30:00,2021-02-01 13:44:59
1333.53,1339.14,1327.92,1328.28,22005.926,2021-02-01 13:45:00,2021-02-01 13:59:59
1328.31,1331.00,1310.05,1313.22,57712.720,2021-02-01 14:00:00,2021-02-01 14:14:59
1313.24,1322.68,1312.00,1322.44,27548.087,2021-02-01 14:15:00,2021-02-01 14:29:59
1322.36,1326.00,1319.97,1321.88,21590.737,2021-02-01 14:30:00,2021-02-01 14:44:59
1321.91,1323.05,1313.00,1315.27,29665.918,2021-02-01 14:45:00,2021-02-01 14:59:59
1315.19,1319.63,1310.00,1312.23,22380.036,2021-02-01 15:00:00,2021-02-01 15:14:59
1312.31,1318.95,1311.31,1315.87,17763.784,2021-02-01 15:15:00,2021-02-01 15:29:59
1315.86,1318.95,1315.00,1317.32,10508.752,2021-02-01 15:30:00,2021-02-01 15:44:59
1317.41,1320.05,1301.53,1302.39,37721.424,2021-02-01 15:45:00,2021-02-01 15:59:59
1302.29,1309.84,1300.21,1307.10,28245.315,2021-02-01 16:00:00,2021-02-01 16:14:59
1307.11,1312.00,1305.61,1311.30,17739.125,2021-02-01 16:15:00,2021-02-01 16:29:59
1311.38,1314.45,1306.36,1312.94,14846.227,2021-02-01 16:30:00,2021-02-01 16:44:59
1313.09,1313.79,1309.77,1310.29,9966.343,2021-02-01 16:45:00,2021-02-01 16:59:59
1310.30,1313.00,1307.00,1311.88,12926.825,2021-02-01 17:00:00,2021-02-01 17:14:59
1311.90,1313.13,1310.00,1312.52,8421.190,2021-02-01 17:15:00,2021-02-01 17:29:59
1312.52,1316.52,1311.62,1314.19,15018.071,2021-02-01 17:30:00,2021-02-01 17:44:59
1314.20,1323.26,1312.00,1319.35,26190.039,2021-02-01 17:45:00,2021-02-01 17:59:59
1319.35,1321.99,1317.46,1318.58,14394.508,2021-02-01 18:00:00,2021-02-01 18:14:59
1318.59,1324.70,1317.59,1322.19,13597.334,2021-02-01 18:15:00,2021-02-01 18:29:59
1322.20,1326.08,1320.86,1324.46,13248.573,2021-02-01 18:30:00,2021-02-01 18:44:59
1324.47,1329.00,1321.67,1327.01,13712.871,2021-02-01 18:45:00,2021-02-01 18:59:59
1327.01,1331.74,1325.12,1328.65,17356.783,2021-02-01 19:00:00,2021-02-01 19:14:59
1328.65,1331.47,1327.15,1329.01,11147.393,2021-02-01 19:15:00,2021-02-01 19:29:59
1329.00,1334.99,1328.27,1330.32,15675.966,2021-02-01 19:30:00,2021-02-01 19:44:59
1330.33,1333.94,1328.21,1333.90,12438.119,2021-02-01 19:45:00,2021-02-01 19:59:59
1333.90,1341.80,1333.24,1340.83,24063.259,2021-02-01 20:00:00,2021-02-01 20:14:59
1340.83,1341.90,1336.20,1336.20,18423.557,2021-02-01 20:15:00,2021-02-01 20:29:59
1336.21,1338.27,1333.37,1337.68,11821.189,2021-02-01 20:30:00,2021-02-01 20:44:59
1337.68,1338.67,1333.30,1337.43,10777.977,2021-02-01 20:45:00,2021-02-01 20:59:59
1337.43,1338.53,1334.00,1336.44,14217.340,2021-02-01 21:00:00,2021-02-01 21:14:59
1336.44,1338.27,1334.58,1336.72,8116.364,2021-02-01 21:15:00,2021-02-01 21:29:59
1336.71,1336.80,1330.38,1336.04,17066.257,2021-02-01 21:30:00,2021-02-01 21:44:59
1336.05,1354.97,1335.13,1352.26,51256.718,2021-02-01 21:45:00,2021-02-01 21:59:59
1352.28,1361.21,1345.36,1360.70,36978.169,2021-02-01 22:00:00,2021-02-01 22:14:59
1360.76,1365.52,1353.53,1358.41,36360.433,2021-02-01 22:15:00,2021-02-01 22:29:59
1358.42,1367.00,1354.38,1358.76,29515.678,2021-02-01 22:30:00,2021-02-01 22:44:59
1358.76,1365.48,1358.52,1358.79,21397.352,2021-02-01 22:45:00,2021-02-01 22:59:59
1358.80,1375.00,1357.91,1365.95,43081.525,2021-02-01 23:00:00,2021-02-01 23:14:59
1365.94,1374.02,1360.03,1366.65,31613.359,2021-02-01 23:15:00,2021-02-01 23:29:59
1366.66,1373.32,1365.53,1368.66,21433.496,2021-02-01 23:30:00,2021-02-01 23:44:59
1368.66,1379.73,1367.51,1376.48,43744.881,2021-02-01 23:45:00,2021-02-01 23:59:59
1376.74,1414.00,1376.05,1409.13,118195.975,2021-02-02 00:00:00,2021-02-02 00:14:59
1408.99,1416.54,1389.11,1392.58,90776.738,2021-02-02 00:15:00,2021-02-02 00:29:59
1392.57,1397.79,1384.08,1388.02,45467.169,2021-02-02 00:30:00,2021-02-02 00:44:59
1388.18,1395.00,1381.00,1384.80,32844.730,2021-02-02 00:45:00,2021-02-02 00:59:59
1384.75,1385.35,1371.12,1383.60,47910.766,2021-02-02 01:00:00,2021-02-02 01:14:59
1383.60,1392.60,1380.50,1383.25,26433.239,2021-02-02 01:15:00,2021-02-02 01:29:59
1383.25,1390.58,1382.47,1384.49,20114.382,2021-02-02 01:30:00,2021-02-02 01:44:59
1384.34,1387.00,1376.31,1385.11,27632.674,2021-02-02 01:45:00,2021-02-02 01:59:59
1385.12,1390.58,1381.63,1386.00,25804.985,2021-02-02 02:00:00,2021-02-02 02:14:59
1386.18,1394.14,1385.32,1386.57,22638.996,2021-02-02 02:15:00,2021-02-02 02:29:59
1386.59,1389.29,1381.00,1381.19,20382.293,2021-02-02 02:30:00,2021-02-02 02:44:59
1381.19,1382.79,1372.10,1376.21,26696.116,2021-02-02 02:45:00,2021-02-02 02:59:59
1376.22,1377.70,1363.00,1372.30,40760.104,2021-02-02 03:00:00,2021-02-02 03:14:59
1372.21,1375.49,1368.20,1373.84,14780.304,2021-02-02 03:15:00,2021-02-02 03:29:59
1373.85,1376.81,1370.22,1375.55,16067.924,2021-02-02 03:30:00,2021-02-02 03:44:59
1375.55,1379.57,1370.36,1371.26,13777.753,2021-02-02 03:45:00,2021-02-02 03:59:59
1371.27,1382.91,1370.01,1380.25,30889.041,2021-02-02 04:00:00,2021-02-02 04:14:59
1380.20,1389.11,1376.84,1379.33,32533.043,2021-02-02 04:15:00,2021-02-02 04:29:59
1379.37,1383.09,1378.61,1379.39,11474.603,2021-02-02 04:30:00,2021-02-02 04:44:59
1379.51,1387.81,1378.98,1382.75,13669.750,2021-02-02 04:45:00,2021-02-02 04:59:59
1382.75,1387.81,1379.69,1381.53,13472.204,2021-02-02 05:00:00,2021-02-02 05:14:59
1381.53,1390.48,1380.65,1387.60,18065.966,2021-02-02 05:15:00,2021-02-02 05:29:59
1387.52,1392.00,1387.41,1390.15,14744.615,2021-02-02 05:30:00,2021-02-02 05:44:59
1390.15,1398.24,1387.97,1389.10,28585.393,2021-02-02 05:45:00,2021-02-02 05:59:59
1389.10,1400.58,1389.09,1393.98,28113.567,2021-02-02 06:00:00,2021-02-02 06:14:59
1393.98,1399.00,1391.70,1394.62,16535.564,2021-02-02 06:15:00,2021-02-02 06:29:59
1394.54,1412.00,1392.61,1411.05,48761.144,2021-02-02 06:30:00,2021-02-02 06:44:59
1410.91,1414.80,1403.90,1407.72,49728.949,2021-02-02 06:45:00,2021-02-02 06:59:59
1407.83,1425.70,1407.83,1412.85,80538.827,2021-02-02 07:00:00,2021-02-02 07:14:59
1412.85,1419.00,1406.49,1418.82,34406.517,2021-02-02 07:15:00,2021-02-02 07:29:59
1418.72,1425.93,1413.69,1424.32,35557.754,2021-02-02 07:30:00,2021-02-02 07:44:59
1424.33,1429.00,1416.31,1417.11,37695.303,2021-02-02 07:45:00,2021-02-02 07:59:59
1417.11,1439.00,1417.09,1435.65,83394.990,2021-02-02 08:00:00,2021-02-02 08:14:59
1435.51,1441.50,1426.00,1429.26,51089.422,2021-02-02 08:15:00,2021-02-02 08:29:59
1429.26,1432.00,1411.00,1421.52,70006.157,2021-02-02 08:30:00,2021-02-02 08:44:59
1421.45,1462.04,1420.59,1458.76,135579.128,2021-02-02 08:45:00,2021-02-02 08:59:59
1458.76,1467.90,1445.00,1454.46,132575.457,2021-02-02 09:00:00,2021-02-02 09:14:59
1454.65,1458.00,1434.40,1446.21,83983.888,2021-02-02 09:15:00,2021-02-02 09:29:59
1446.21,1456.47,1438.11,1442.72,56623.971,2021-02-02 09:30:00,2021-02-02 09:44:59
1442.67,1444.20,1431.00,1440.82,47791.283,2021-02-02 09:45:00,2021-02-02 09:59:59
1441.01,1452.42,1438.09,1438.10,39441.870,2021-02-02 10:00:00,2021-02-02 10:14:59
1438.23,1442.00,1433.00,1439.75,35373.320,2021-02-02 10:15:00,2021-02-02 10:29:59
1439.74,1445.78,1439.74,1441.57,23847.182,2021-02-02 10:30:00,2021-02-02 10:44:59
1441.57,1448.11,1436.27,1442.87,33353.833,2021-02-02 10:45:00,2021-02-02 10:59:59
1442.88,1452.99,1442.88,1451.51,38045.486,2021-02-02 11:00:00,2021-02-02 11:14:59
1451.51,1452.17,1420.31,1423.15,79610.287,2021-02-02 11:15:00,2021-02-02 11:29:59
1423.15,1429.74,1413.08,1426.66,74100.399,2021-02-02 11:30:00,2021-02-02 11:44:59
1426.46,1433.00,1419.41,1423.21,42970.923,2021-02-02 11:45:00,2021-02-02 11:59:59
1423.22,1432.94,1411.00,1432.26,59791.992,2021-02-02 12:00:00,2021-02-02 12:14:59
1432.20,1440.90,1428.51,1434.15,45274.503,2021-02-02 12:15:00,2021-02-02 12:29:59
1434.11,1435.97,1430.00,1433.14,17498.585,2021-02-02 12:30:00,2021-02-02 12:44:59
1433.06,1434.59,1420.00,1428.71,36026.549,2021-02-02 12:45:00,2021-02-02 12:59:59
1428.72,1439.66,1424.42,1438.59,25294.675,2021-02-02 13:00:00,2021-02-02 13:14:59
1438.60,1448.00,1433.99,1436.47,60230.206,2021-02-02 13:15:00,2021-02-02 13:29:59
1436.55,1441.70,1427.48,1432.82,37620.512,2021-02-02 13:30:00,2021-02-02 13:44:59
1432.83,1438.43,1425.01,1429.10,29267.641,2021-02-02 13:45:00,2021-02-02 13:59:59
1429.29,1439.35,1426.45,1433.23,26979.506,2021-02-02 14:00:00,2021-02-02 14:14:59
1433.25,1439.34,1413.71,1420.68,65147.867,2021-02-02 14:15:00,2021-02-02 14:29:59
1420.48,1430.00,1413.61,1428.52,33874.488,2021-02-02 14:30:00,2021-02-02 14:44:59
1428.53,1437.92,1426.87,1434.19,32889.612,2021-02-02 14:45:00,2021-02-02 14:59:59
1434.10,1441.00,1424.87,1440.01,35822.837,2021-02-02 15:00:00,2021-02-02 15:14:59
1440.03,1451.00,1434.71,1435.30,80631.644,2021-02-02 15:15:00,2021-02-02 15:29:59
1435.44,1435.92,1422.50,1427.51,49973.476,2021-02-02 15:30:00,2021-02-02 15:44:59
1427.50,1429.86,1421.00,1428.40,45197.576,2021-02-02 15:45:00,2021-02-02 15:59:59
1428.40,1442.75,1424.28,1441.20,79618.878,2021-02-02 16:00:00,2021-02-02 16:14:59
1441.20,1475.00,1433.96,1472.18,101271.416,2021-02-02 16:15:00,2021-02-02 16:29:59
1472.19,1507.21,1472.18,1491.01,292679.469,2021-02-02 16:30:00,2021-02-02 16:44:59
1491.00,1508.00,1483.00,1498.45,145401.012,2021-02-02 16:45:00,2021-02-02 16:59:59
1498.45,1507.34,1485.00,1487.50,99360.160,2021-02-02 17:00:00,2021-02-02 17:14:59
1487.51,1491.81,1471.31,1483.68,113416.310,2021-02-02 17:15:00,2021-02-02 17:29:59
1483.65,1488.67,1475.23,1481.71,41766.728,2021-02-02 17:30:00,2021-02-02 17:44:59
1481.72,1482.23,1466.00,1475.99,59263.719,2021-02-02 17:45:00,2021-02-02 17:59:59
1476.00,1482.57,1470.41,1480.77,41902.615,2021-02-02 18:00:00,2021-02-02 18:14:59
1480.77,1488.62,1478.96,1483.53,36797.845,2021-02-02 18:15:00,2021-02-02 18:29:59
1483.53,1492.88,1482.38,1483.00,36369.766,2021-02-02 18:30:00,2021-02-02 18:44:59
1483.01,1497.00,1477.58,1493.82,46019.244,2021-02-02 18:45:00,2021-02-02 18:59:59
1493.82,1504.00,1491.10,1495.96,67278.160,2021-02-02 19:00:00,2021-02-02 19:14:59
1495.96,1499.40,1483.35,1488.94,45742.018,2021-02-02 19:15:00,2021-02-02 19:29:59
1488.80,1499.96,1486.00,1494.28,34437.667,2021-02-02 19:30:00,2021-02-02 19:44:59
1494.28,1523.59,1494.28,1521.19,102046.236,2021-02-02 19:45:00,2021-02-02 19:59:59
1521.19,1545.00,1515.30,1531.60,176926.817,2021-02-02 20:00:00,2021-02-02 20:14:59
1531.59,1531.60,1515.35,1517.00,67866.029,2021-02-02 20:15:00,2021-02-02 20:29:59
1516.83,1520.65,1501.68,1507.64,80232.015,2021-02-02 20:30:00,2021-02-02 20:44:59
1508.08,1546.00,1506.25,1537.91,101403.131,2021-02-02 20:45:00,2021-02-02 20:59:59
1537.81,1542.43,1527.67,1532.90,63184.469,2021-02-02 21:00:00,2021-02-02 21:14:59
1532.49,1535.67,1521.00,1523.43,33650.771,2021-02-02 21:15:00,2021-02-02 21:29:59
1523.43,1535.00,1523.42,1530.00,30379.849,2021-02-02 21:30:00,2021-02-02 21:44:59
1530.00,1535.41,1515.00,1521.98,46294.650,2021-02-02 21:45:00,2021-02-02 21:59:59
1521.99,1531.00,1517.29,1531.00,25229.517,2021-02-02 22:00:00,2021-02-02 22:14:59
1531.00,1549.40,1529.49,1543.08,51848.154,2021-02-02 22:15:00,2021-02-02 22:29:59
1543.40,1551.50,1535.14,1538.40,76926.942,2021-02-02 22:30:00,2021-02-02 22:44:59
1538.35,1548.60,1533.31,1536.88,36000.636,2021-02-02 22:45:00,2021-02-02 22:59:59
1536.88,1542.19,1525.41,1525.82,52825.381,2021-02-02 23:00:00,2021-02-02 23:14:59
1525.82,1538.77,1525.65,1536.39,31802.174,2021-02-02 23:15:00,2021-02-02 23:29:59
1536.39,1538.50,1522.33,1529.33,37687.529,2021-02-02 23:30:00,2021-02-02 23:44:59
1529.34,1529.34,1511.92,1516.26,48361.281,2021-02-02 23:45:00,2021-02-02 23:59:59
1516.20,1535.00,1515.56,1530.15,63137.271,2021-02-03 00:00:00,2021-02-03 00:14:59
1529.93,1537.91,1529.14,1534.77,38013.173,2021-02-03 00:15:00,2021-02-03 00:29:59
1534.95,1536.53,1527.00,1531.90,25826.474,2021-02-03 00:30:00,2021-02-03 00:44:59
1531.88,1532.00,1523.29,1524.51,19520.115,2021-02-03 00:45:00,2021-02-03 00:59:59
1524.46,1526.28,1518.62,1520.57,23862.071,2021-02-03 01:00:00,2021-02-03 01:14:59
1520.58,1527.34,1516.00,1516.61,23958.000,2021-02-03 01:15:00,2021-02-03 01:29:59
1516.62,1532.95,1515.00,1532.90,28810.023,2021-02-03 01:30:00,2021-02-03 01:44:59
1532.90,1535.77,1523.56,1525.00,23846.151,2021-02-03 01:45:00,2021-02-03 01:59:59
1525.00,1525.01,1510.76,1513.40,39419.651,2021-02-03 02:00:00,2021-02-03 02:14:59
1513.33,1524.54,1512.16,1522.44,32863.060,2021-02-03 02:15:00,2021-02-03 02:29:59
1522.44,1531.10,1521.50,1531.02,27711.031,2021-02-03 02:30:00,2021-02-03 02:44:59
1531.00,1533.99,1525.55,1533.39,20481.116,2021-02-03 02:45:00,2021-02-03 02:59:59
1533.48,1545.00,1531.24,1539.16,37490.019,2021-02-03 03:00:00,2021-02-03 03:14:59
1539.18,1545.00,1535.00,1541.25,22491.095,2021-02-03 03:15:00,2021-02-03 03:29:59
1541.07,1554.00,1536.00,1547.25,38506.023,2021-02-03 03:30:00,2021-02-03 03:44:59
1547.24,1547.24,1537.50,1542.36,32072.232,2021-02-03 03:45:00,2021-02-03 03:59:59
1542.36,1558.88,1540.30,1552.93,52006.406,2021-02-03 04:00:00,2021-02-03 04:14:59
1552.94,1564.48,1550.60,1557.33,45324.416,2021-02-03 04:15:00,2021-02-03 04:29:59
1557.33,1565.18,1551.87,1560.00,40931.230,2021-02-03 04:30:00,2021-02-03 04:44:59
1559.99,1562.00,1552.26,1557.01,26222.741,2021-02-03 04:45:00,2021-02-03 04:59:59
1556.99,1557.71,1546.04,1551.73,42450.723,2021-02-03 05:00:00,2021-02-03 05:14:59
1551.73,1553.74,1546.38,1552.72,19894.041,2021-02-03 05:15:00,2021-02-03 05:29:59
1552.71,1552.72,1545.00,1546.98,23838.657,2021-02-03 05:30:00,2021-02-03 05:44:59
1546.98,1549.09,1542.76,1546.82,16607.686,2021-02-03 05:45:00,2021-02-03 05:59:59
1546.82,1554.77,1545.82,1552.47,19455.329,2021-02-03 06:00:00,2021-02-03 06:14:59
1552.47,1562.70,1550.51,1560.52,26635.156,2021-02-03 06:15:00,2021-02-03 06:29:59
1560.51,1576.50,1556.71,1566.83,62754.523,2021-02-03 06:30:00,2021-02-03 06:44:59
1566.82,1573.63,1561.84,1569.64,43445.906,2021-02-03 06:45:00,2021-02-03 06:59:59
1569.73,1569.95,1563.01,1563.68,28711.720,2021-02-03 07:00:00,2021-02-03 07:14:59
1563.76,1566.59,1557.36,1560.85,26439.495,2021-02-03 07:15:00,2021-02-03 07:29:59
1560.86,1560.95,1553.50,1556.51,22343.709,2021-02-03 07:30:00,2021-02-03 07:44:59
1556.52,1556.52,1545.60,1549.63,41849.915,2021-02-03 07:45:00,2021-02-03 07:59:59
1549.63,1555.00,1515.50,1520.83,146143.899,2021-02-03 08:00:00,2021-02-03 08:14:59
1520.80,1534.00,1518.83,1531.61,58389.829,2021-02-03 08:15:00,2021-02-03 08:29:59
1531.60,1537.12,1522.46,1535.78,50194.791,2021-02-03 08:30:00,2021-02-03 08:44:59
1535.77,1538.48,1528.53,1533.37,27121.954,2021-02-03 08:45:00,2021-02-03 08:59:59
1533.42,1534.60,1517.66,1522.14,48388.529,2021-02-03 09:00:00,2021-02-03 09:14:59
1522.14,1543.05,1517.00,1542.18,67948.812,2021-02-03 09:15:00,2021-02-03 09:29:59
1542.07,1553.00,1540.15,1542.90,58864.652,2021-02-03 09:30:00,2021-02-03 09:44:59
1542.90,1544.81,1533.09,1534.04,37734.533,2021-02-03 09:45:00,2021-02-03 09:59:59
1534.03,1539.00,1525.59,1531.79,42018.047,2021-02-03 10:00:00,2021-02-03 10:14:59
1531.80,1543.19,1531.21,1540.98,30457.549,2021-02-03 10:15:00,2021-02-03 10:29:59
1540.97,1548.00,1538.73,1542.82,18606.359,2021-02-03 10:30:00,2021-02-03 10:44:59
1542.79,1554.96,1542.79,1551.11,37083.029,2021-02-03 10:45:00,2021-02-03 10:59:59
1551.10,1561.63,1551.00,1559.33,37021.560,2021-02-03 11:00:00,2021-02-03 11:14:59
1559.26,1564.00,1553.88,1559.45,30562.756,2021-02-03 11:15:00,2021-02-03 11:29:59
1559.44,1564.63,1556.00,1559.10,24115.173,2021-02-03 11:30:00,2021-02-03 11:44:59
1559.14,1562.10,1537.20,1541.60,81681.304,2021-02-03 11:45:00,2021-02-03 11:59:59
1541.42,1548.23,1525.54,1546.97,96601.177,2021-02-03 12:00:00,2021-02-03 12:14:59
1546.96,1556.46,1544.12,1549.26,40416.557,2021-02-03 12:15:00,2021-02-03 12:29:59
1549.25,1553.74,1540.87,1548.21,33338.372,2021-02-03 12:30:00,2021-02-03 12:44:59
1548.19,1549.39,1538.00,1542.21,24779.584,2021-02-03 12:45:00,2021-02-03 12:59:59
1542.15,1555.00,1532.15,1550.39,43924.288,2021-02-03 13:00:00,2021-02-03 13:14:59
1550.10,1569.58,1546.91,1568.23,64752.312,2021-02-03 13:15:00,2021-02-03 13:29:59
1568.23,1570.00,1554.26,1559.55,47664.929,2021-02-03 13:30:00,2021-02-03 13:44:59
1559.38,1559.39,1551.43,1554.10,25425.855,2021-02-03 13:45:00,2021-02-03 13:59:59
1554.10,1564.84,1552.68,1559.97,30870.886,2021-02-03 14:00:00,2021-02-03 14:14:59
1559.89,1562.52,1550.00,1553.07,27562.058,2021-02-03 14:15:00,2021-02-03 14:29:59
1553.06,1554.22,1540.41,1547.79,37072.521,2021-02-03 14:30:00,2021-02-03 14:44:59
1547.79,1560.42,1544.55,1557.46,26388.328,2021-02-03 14:45:00,2021-02-03 14:59:59
1557.49,1564.58,1553.29,1563.90,26426.489,2021-02-03 15:00:00,2021-02-03 15:14:59
1563.89,1595.57,1560.23,1587.64,155610.647,2021-02-03 15:15:00,2021-02-03 15:29:59
1587.61,1599.86,1586.44,1593.52,95658.323,2021-02-03 15:30:00,2021-02-03 15:44:59
1593.52,1605.20,1586.00,1601.62,86374.114,2021-02-03 15:45:00,2021-02-03 15:59:59
1601.68,1620.68,1593.67,1600.98,184602.637,2021-02-03 16:00:00,2021-02-03 16:14:59
1600.91,1602.45,1583.00,1591.78,102617.738,2021-02-03 16:15:00,2021-02-03 16:29:59
1591.86,1612.69,1588.54,1607.65,61059.213,2021-02-03 16:30:00,2021-02-03 16:44:59
1607.65,1614.90,1596.51,1610.59,52735.643,2021-02-03 16:45:00,2021-02-03 16:59:59
1610.60,1618.60,1602.80,1612.51,45771.438,2021-02-03 17:00:00,2021-02-03 17:14:59
1612.51,1635.98,1612.51,1626.69,107240.602,2021-02-03 17:15:00,2021-02-03 17:29:59
1626.70,1641.31,1622.00,1630.52,93169.128,2021-02-03 17:30:00,2021-02-03 17:44:59
1630.53,1646.19,1627.98,1642.75,74393.886,2021-02-03 17:45:00,2021-02-03 17:59:59
1642.84,1648.22,1633.58,1635.02,61835.206,2021-02-03 18:00:00,2021-02-03 18:14:59
1635.04,1647.63,1625.00,1643.52,70459.062,2021-02-03 18:15:00,2021-02-03 18:29:59
1643.66,1650.53,1637.23,1644.56,48684.306,2021-02-03 18:30:00,2021-02-03 18:44:59
1644.56,1656.36,1641.19,1653.49,60279.110,2021-02-03 18:45:00,2021-02-03 18:59:59
1653.53,1655.79,1631.94,1636.13,66727.257,2021-02-03 19:00:00,2021-02-03 19:14:59
1636.15,1641.20,1630.00,1638.00,50397.759,2021-02-03 19:15:00,2021-02-03 19:29:59
1637.99,1642.86,1627.92,1636.38,38265.274,2021-02-03 19:30:00,2021-02-03 19:44:59
1636.19,1640.59,1620.00,1620.59,41479.552,2021-02-03 19:45:00,2021-02-03 19:59:59
1620.60,1628.68,1605.97,1623.99,85306.365,2021-02-03 20:00:00,2021-02-03 20:14:59
1624.00,1637.36,1623.99,1632.47,35423.761,2021-02-03 20:15:00,2021-02-03 20:29:59
1632.68,1642.50,1631.73,1637.51,25837.146,2021-02-03 20:30:00,2021-02-03 20:44:59
1637.50,1639.00,1633.25,1638.37,17929.750,2021-02-03 20:45:00,2021-02-03 20:59:59
1638.37,1643.82,1633.01,1634.79,21809.891,2021-02-03 21:00:00,2021-02-03 21:14:59
1634.78,1637.45,1622.12,1635.37,31723.727,2021-02-03 21:15:00,2021-02-03 21:29:59
1635.38,1649.59,1635.37,1645.44,41343.993,2021-02-03 21:30:00,2021-02-03 21:44:59
1645.37,1645.73,1631.01,1635.39,27409.753,2021-02-03 21:45:00,2021-02-03 21:59:59
1635.38,1642.00,1632.00,1641.58,21022.322,2021-02-03 22:00:00,2021-02-03 22:14:59
1641.58,1651.70,1639.23,1647.22,29778.694,2021-02-03 22:15:00,2021-02-03 22:29:59
1647.38,1651.55,1643.08,1646.55,19794.420,2021-02-03 22:30:00,2021-02-03 22:44:59
1646.86,1647.06,1636.32,1638.70,22506.623,2021-02-03 22:45:00,2021-02-03 22:59:59
1638.69,1647.98,1632.23,1647.97,26791.927,2021-02-03 23:00:00,2021-02-03 23:14:59
1647.95,1662.00,1647.95,1658.16,58744.430,2021-02-03 23:15:00,2021-02-03 23:29:59
1658.00,1667.93,1647.38,1658.65,43413.816,2021-02-03 23:30:00,2021-02-03 23:44:59
1658.65,1672.76,1655.90,1666.00,43087.921,2021-02-03 23:45:00,2021-02-03 23:59:59
1666.10,1680.82,1664.40,1672.50,81369.288,2021-02-04 00:00:00,2021-02-04 00:14:59
1672.50,1680.00,1667.64,1679.16,34708.679,2021-02-04 00:15:00,2021-02-04 00:29:59
1679.16,1687.47,1673.00,1674.20,60145.702,2021-02-04 00:30:00,2021-02-04 00:44:59
1674.00,1682.87,1667.50,1682.47,35504.853,2021-02-04 00:45:00,2021-02-04 00:59:59
1682.46,1701.01,1679.46,1696.93,72881.882,2021-02-04 01:00:00,2021-02-04 01:14:59
1696.98,1703.37,1683.00,1698.07,55036.286,2021-02-04 01:15:00,2021-02-04 01:29:59
1698.05,1698.06,1683.58,1687.58,32414.873,2021-02-04 01:30:00,2021-02-04 01:44:59
1687.58,1699.13,1681.41,1696.44,44993.895,2021-02-04 01:45:00,2021-02-04 01:59:59
1696.71,1701.57,1667.41,1675.33,72458.468,2021-02-04 02:00:00,2021-02-04 02:14:59
1675.33,1679.09,1651.00,1665.77,102006.738,2021-02-04 02:15:00,2021-02-04 02:29:59
1665.86,1678.45,1664.37,1677.27,50458.328,2021-02-04 02:30:00,2021-02-04 02:44:59
1677.26,1684.22,1669.04,1683.56,34727.340,2021-02-04 02:45:00,2021-02-04 02:59:59
1683.56,1691.97,1671.66,1672.93,43196.351,2021-02-04 03:00:00,2021-02-04 03:14:59
1672.95,1674.15,1662.79,1669.49,47089.944,2021-02-04 03:15:00,2021-02-04 03:29:59
1669.48,1672.60,1656.09,1657.54,36744.892,2021-02-04 03:30:00,2021-02-04 03:44:59
1657.54,1662.87,1635.50,1648.88,85999.740,2021-02-04 03:45:00,2021-02-04 03:59:59
1648.87,1656.92,1636.49,1653.26,50441.463,2021-02-04 04:00:00,2021-02-04 04:14:59
1653.25,1660.70,1650.11,1657.81,24813.612,2021-02-04 04:15:00,2021-02-04 04:29:59
1657.81,1669.44,1653.43,1665.96,36123.088,2021-02-04 04:30:00,2021-02-04 04:44:59
1665.97,1670.53,1660.30,1665.54,20284.802,2021-02-04 04:45:00,2021-02-04 04:59:59
1665.59,1669.59,1651.67,1660.42,29457.149,2021-02-04 05:00:00,2021-02-04 05:14:59
1660.43,1674.46,1658.43,1672.33,34208.411,2021-02-04 05:15:00,2021-02-04 05:29:59
1672.32,1673.92,1660.24,1665.15,23693.107,2021-02-04 05:30:00,2021-02-04 05:44:59
1665.16,1668.07,1656.80,1658.01,23681.205,2021-02-04 05:45:00,2021-02-04 05:59:59
1658.00,1666.52,1651.14,1664.28,27676.243,2021-02-04 06:00:00,2021-02-04 06:14:59
1664.27,1678.88,1663.00,1678.86,35325.226,2021-02-04 06:15:00,2021-02-04 06:29:59
1678.86,1686.00,1674.10,1677.94,36409.037,2021-02-04 06:30:00,2021-02-04 06:44:59
1677.94,1681.70,1672.89,1679.28,22689.412,2021-02-04 06:45:00,2021-02-04 06:59:59
1679.28,1682.78,1667.95,1672.90,30660.886,2021-02-04 07:00:00,2021-02-04 07:14:59
1672.90,1679.50,1671.07,1677.73,16600.102,2021-02-04 07:15:00,2021-02-04 07:29:59
1677.74,1685.52,1671.43,1673.40,29835.041,2021-02-04 07:30:00,2021-02-04 07:44:59
1673.39,1676.16,1662.99,1664.33,36279.791,2021-02-04 07:45:00,2021-02-04 07:59:59
1664.33,1685.37,1662.24,1684.01,47941.405,2021-02-04 08:00:00,2021-02-04 08:14:59
1684.09,1690.68,1678.47,1687.74,54858.759,2021-02-04 08:15:00,2021-02-04 08:29:59
1687.75,1690.30,1680.00,1683.48,36248.708,2021-02-04 08:30:00,2021-02-04 08:44:59
1683.51,1684.98,1635.70,1642.27,105985.578,2021-02-04 08:45:00,2021-02-04 08:59:59
1642.27,1645.83,1571.11,1619.40,326076.935,2021-02-04 09:00:00,2021-02-04 09:14:59
1619.29,1632.43,1603.36,1624.55,120662.005,2021-02-04 09:15:00,2021-02-04 09:29:59
1624.55,1634.43,1608.33,1627.05,71777.902,2021-02-04 09:30:00,2021-02-04 09:44:59
1627.05,1649.89,1617.09,1647.58,72987.092,2021-02-04 09:45:00,2021-02-04 09:59:59
1647.55,1651.87,1641.00,1651.00,44572.315,2021-02-04 10:00:00,2021-02-04 10:14:59
1651.00,1655.53,1640.91,1650.28,44986.380,2021-02-04 10:15:00,2021-02-04 10:29:59
1650.30,1651.00,1637.27,1648.79,49170.125,2021-02-04 10:30:00,2021-02-04 10:44:59
1648.79,1653.38,1641.94,1645.05,31812.292,2021-02-04 10:45:00,2021-02-04 10:59:59
1644.83,1645.08,1624.74,1634.80,76019.503,2021-02-04 11:00:00,2021-02-04 11:14:59
1634.70,1650.99,1634.50,1643.07,41782.338,2021-02-04 11:15:00,2021-02-04 11:29:59
1643.07,1647.63,1626.89,1627.84,47366.720,2021-02-04 11:30:00,2021-02-04 11:44:59
1627.81,1635.08,1615.14,1615.72,55464.345,2021-02-04 11:45:00,2021-02-04 11:59:59
1615.65,1634.84,1609.10,1629.29,72363.311,2021-02-04 12:00:00,2021-02-04 12:14:59
1629.28,1640.79,1628.41,1635.60,31504.023,2021-02-04 12:15:00,2021-02-04 12:29:59
1635.59,1645.00,1623.30,1641.88,43899.467,2021-02-04 12:30:00,2021-02-04 12:44:59
1642.10,1647.83,1638.97,1639.09,24882.065,2021-02-04 12:45:00,2021-02-04 12:59:59
1639.22,1641.41,1631.23,1632.91,24911.885,2021-02-04 13:00:00,2021-02-04 13:14:59
1632.91,1633.79,1624.63,1629.32,27454.953,2021-02-04 13:15:00,2021-02-04 13:29:59
1629.32,1637.29,1621.32,1634.99,32248.717,2021-02-04 13:30:00,2021-02-04 13:44:59
1634.99,1642.77,1629.00,1635.00,32157.784,2021-02-04 13:45:00,2021-02-04 13:59:59
1635.00,1644.00,1631.21,1640.51,28728.292,2021-02-04 14:00:00,2021-02-04 14:14:59
1640.51,1643.43,1631.17,1635.82,24579.141,2021-02-04 14:15:00,2021-02-04 14:29:59
1635.82,1637.99,1613.25,1619.89,67315.106,2021-02-04 14:30:00,2021-02-04 14:44:59
1619.88,1625.00,1586.00,1595.00,144277.258,2021-02-04 14:45:00,2021-02-04 14:59:59
1594.93,1606.67,1566.66,1577.45,167727.114,2021-02-04 15:00:00,2021-02-04 15:14:59
1577.11,1587.71,1557.00,1568.80,150025.409,2021-02-04 15:15:00,2021-02-04 15:29:59
1568.90,1591.00,1566.41,1582.67,89231.655,2021-02-04 15:30:00,2021-02-04 15:44:59
1582.67,1586.50,1575.50,1583.04,42593.132,2021-02-04 15:45:00,2021-02-04 15:59:59
1582.92,1592.00,1567.57,1586.50,83396.613,2021-02-04 16:00:00,2021-02-04 16:14:59
1586.43,1600.00,1582.11,1599.89,39684.060,2021-02-04 16:15:00,2021-02-04 16:29:59
1599.89,1614.73,1598.09,1608.99,64904.889,2021-02-04 16:30:00,2021-02-04 16:44:59
1608.99,1635.86,1607.00,1631.54,69025.808,2021-02-04 16:45:00,2021-02-04 16:59:59
1631.54,1648.18,1630.00,1641.06,93559.303,2021-02-04 17:00:00,2021-02-04 17:14:59
1641.20,1654.00,1633.52,1642.08,63973.385,2021-02-04 17:15:00,2021-02-04 17:29:59
1641.81,1650.06,1637.03,1641.97,33627.331,2021-02-04 17:30:00,2021-02-04 17:44:59
1641.71,1642.26,1628.00,1637.32,48749.701,2021-02-04 17:45:00,2021-02-04 17:59:59
1637.32,1643.83,1633.00,1637.83,27768.322,2021-02-04 18:00:00,2021-02-04 18:14:59
1637.82,1651.39,1635.56,1648.00,39462.630,2021-02-04 18:15:00,2021-02-04 18:29:59
1648.09,1648.77,1641.00,1646.85,20869.867,2021-02-04 18:30:00,2021-02-04 18:44:59
1646.85,1659.84,1637.00,1659.00,57293.098,2021-02-04 18:45:00,2021-02-04 18:59:59
1659.00,1670.00,1648.26,1651.20,67184.133,2021-02-04 19:00:00,2021-02-04 19:14:59
1651.20,1656.00,1641.92,1645.70,28559.237,2021-02-04 19:15:00,2021-02-04 19:29:59
1645.75,1651.69,1641.38,1651.60,21957.331,2021-02-04 19:30:00,2021-02-04 19:44:59
1651.48,1658.21,1647.17,1658.06,22485.602,2021-02-04 19:45:00,2021-02-04 19:59:59
1658.09,1670.00,1656.11,1669.68,43746.003,2021-02-04 20:00:00,2021-02-04 20:14:59
1669.72,1677.03,1656.28,1661.59,40004.924,2021-02-04 20:15:00,2021-02-04 20:29:59
1661.58,1667.57,1645.75,1646.85,28131.360,2021-02-04 20:30:00,2021-02-04 20:44:59
1646.74,1659.83,1641.42,1659.66,26243.315,2021-02-04 20:45:00,2021-02-04 20:59:59
1659.56,1664.00,1647.73,1653.84,26488.092,2021-02-04 21:00:00,2021-02-04 21:14:59
1653.83,1655.00,1633.01,1635.45,38155.578,2021-02-04 21:15:00,2021-02-04 21:29:59
1635.39,1645.77,1630.00,1640.91,33679.486,2021-02-04 21:30:00,2021-02-04 21:44:59
1640.93,1647.65,1635.01,1643.23,23415.560,2021-02-04 21:45:00,2021-02-04 21:59:59
1643.24,1643.97,1622.11,1624.21,24835.487,2021-02-04 22:00:00,2021-02-04 22:14:59
1624.10,1626.74,1601.00,1617.08,74505.804,2021-02-04 22:15:00,2021-02-04 22:29:59
1617.08,1629.00,1605.10,1621.05,38399.548,2021-02-04 22:30:00,2021-02-04 22:44:59
1621.05,1628.31,1608.64,1626.82,34850.405,2021-02-04 22:45:00,2021-02-04 22:59:59
1626.82,1629.81,1616.16,1620.36,24332.741,2021-02-04 23:00:00,2021-02-04 23:14:59
1620.37,1627.98,1618.00,1624.62,21549.965,2021-02-04 23:15:00,2021-02-04 23:29:59
1624.65,1625.81,1601.14,1608.48,37838.122,2021-02-04 23:30:00,2021-02-04 23:44:59
1608.63,1608.81,1588.01,1596.00,68311.509,2021-02-04 23:45:00,2021-02-04 23:59:59
1595.93,1610.81,1592.46,1605.91,55805.057,2021-02-05 00:00:00,2021-02-05 00:14:59
1605.91,1618.37,1605.00,1616.58,32598.463,2021-02-05 00:15:00,2021-02-05 00:29:59
1616.57,1621.49,1612.21,1617.72,21772.918,2021-02-05 00:30:00,2021-02-05 00:44:59
1617.65,1624.90,1613.42,1617.33,18996.815,2021-02-05 00:45:00,2021-02-05 00:59:59
1617.44,1627.55,1612.50,1621.85,17711.816,2021-02-05 01:00:00,2021-02-05 01:14:59
1621.85,1624.54,1612.49,1612.51,16180.725,2021-02-05 01:15:00,2021-02-05 01:29:59
1612.50,1621.87,1605.72,1608.80,23800.062,2021-02-05 01:30:00,2021-02-05 01:44:59
1608.79,1611.68,1597.25,1600.30,30945.842,2021-02-05 01:45:00,2021-02-05 01:59:59
1600.25,1611.00,1599.76,1609.91,20666.744,2021-02-05 02:00:00,2021-02-05 02:14:59
1609.91,1610.95,1596.78,1601.37,19933.596,2021-02-05 02:15:00,2021-02-05 02:29:59
1601.36,1611.33,1601.00,1609.32,15705.933,2021-02-05 02:30:00,2021-02-05 02:44:59
1609.30,1622.94,1609.30,1620.90,25003.870,2021-02-05 02:45:00,2021-02-05 02:59:59
1620.90,1654.45,1616.45,1651.32,73814.936,2021-02-05 03:00:00,2021-02-05 03:14:59
1651.18,1656.88,1646.50,1648.23,47484.395,2021-02-05 03:15:00,2021-02-05 03:29:59
1648.28,1659.00,1646.18,1646.56,32912.220,2021-02-05 03:30:00,2021-02-05 03:44:59
1646.59,1647.21,1637.00,1644.60,27813.099,2021-02-05 03:45:00,2021-02-05 03:59:59
1644.63,1648.70,1635.10,1638.23,24605.511,2021-02-05 04:00:00,2021-02-05 04:14:59
1638.28,1644.83,1631.79,1640.00,24547.921,2021-02-05 04:15:00,2021-02-05 04:29:59
1640.07,1644.41,1632.00,1637.67,16304.898,2021-02-05 04:30:00,2021-02-05 04:44:59
1637.68,1641.31,1634.08,1637.20,8830.530,2021-02-05 04:45:00,2021-02-05 04:59:59
1637.19,1649.28,1637.08,1642.63,17784.976,2021-02-05 05:00:00,2021-02-05 05:14:59
1642.64,1644.48,1625.30,1629.50,28754.397,2021-02-05 05:15:00,2021-02-05 05:29:59
1629.50,1637.30,1628.29,1633.70,15294.403,2021-02-05 05:30:00,2021-02-05 05:44:59
1633.70,1643.00,1633.70,1635.00,16527.168,2021-02-05 05:45:00,2021-02-05 05:59:59
1635.01,1648.09,1635.01,1647.90,18814.446,2021-02-05 06:00:00,2021-02-05 06:14:59
1647.89,1665.00,1643.53,1658.43,41453.853,2021-02-05 06:15:00,2021-02-05 06:29:59
1658.49,1667.99,1653.92,1655.78,42734.740,2021-02-05 06:30:00,2021-02-05 06:44:59
1655.79,1657.65,1647.18,1649.55,21679.216,2021-02-05 06:45:00,2021-02-05 06:59:59
1649.55,1658.00,1649.17,1650.56,18761.673,2021-02-05 07:00:00,2021-02-05 07:14:59
1650.56,1674.87,1650.56,1671.56,52211.256,2021-02-05 07:15:00,2021-02-05 07:29:59
1671.56,1673.44,1657.23,1661.71,38400.316,2021-02-05 07:30:00,2021-02-05 07:44:59
1661.73,1667.80,1657.00,1666.50,25239.118,2021-02-05 07:45:00,2021-02-05 07:59:59
1666.50,1681.10,1662.31,1671.18,67743.162,2021-02-05 08:00:00,2021-02-05 08:14:59
1671.19,1671.45,1655.04,1657.18,29953.212,2021-02-05 08:15:00,2021-02-05 08:29:59
1657.18,1663.82,1652.94,1659.08,26615.655,2021-02-05 08:30:00,2021-02-05 08:44:59
1659.10,1675.00,1659.10,1672.65,24060.296,2021-02-05 08:45:00,2021-02-05 08:59:59
1672.66,1683.52,1665.00,1678.06,45939.471,2021-02-05 09:00:00,2021-02-05 09:14:59
1678.02,1679.44,1665.01,1667.65,30058.931,2021-02-05 09:15:00,2021-02-05 09:29:59
1667.58,1671.33,1663.22,1668.92,19133.108,2021-02-05 09:30:00,2021-02-05 09:44:59
1668.93,1673.94,1653.46,1654.61,36207.910,2021-02-05 09:45:00,2021-02-05 09:59:59
1654.43,1666.33,1643.79,1665.78,48090.185,2021-02-05 10:00:00,2021-02-05 10:14:59
1665.79,1670.88,1660.44,1662.09,25987.531,2021-02-05 10:15:00,2021-02-05 10:29:59
1661.99,1662.45,1652.28,1656.00,24991.763,2021-02-05 10:30:00,2021-02-05 10:44:59
1655.99,1655.99,1647.04,1647.22,24862.053,2021-02-05 10:45:00,2021-02-05 10:59:59
1647.14,1654.50,1645.00,1652.53,20465.016,2021-02-05 11:00:00,2021-02-05 11:14:59
1652.60,1661.86,1649.72,1660.77,21571.361,2021-02-05 11:15:00,2021-02-05 11:29:59
1660.78,1664.20,1654.29,1657.16,16555.020,2021-02-05 11:30:00,2021-02-05 11:44:59
1657.15,1666.93,1656.30,1665.57,19340.667,2021-02-05 11:45:00,2021-02-05 11:59:59
1665.59,1669.62,1660.33,1664.41,26648.269,2021-02-05 12:00:00,2021-02-05 12:14:59
1664.41,1681.32,1661.75,1675.36,46000.685,2021-02-05 12:15:00,2021-02-05 12:29:59
1675.35,1678.28,1668.00,1671.42,32524.430,2021-02-05 12:30:00,2021-02-05 12:44:59
1671.49,1674.79,1658.56,1663.37,29889.362,2021-02-05 12:45:00,2021-02-05 12:59:59
1663.31,1674.53,1663.27,1673.93,21271.932,2021-02-05 13:00:00,2021-02-05 13:14:59
1673.99,1676.80,1666.66,1676.65,18772.106,2021-02-05 13:15:00,2021-02-05 13:29:59
1676.70,1692.95,1669.12,1691.59,40768.923,2021-02-05 13:30:00,2021-02-05 13:44:59
1691.59,1730.00,1686.55,1723.65,178822.215,2021-02-05 13:45:00,2021-02-05 13:59:59
1723.50,1736.64,1713.95,1727.24,94721.445,2021-02-05 14:00:00,2021-02-05 14:14:59
1727.24,1729.27,1716.67,1720.18,58942.266,2021-02-05 14:15:00,2021-02-05 14:29:59
1720.17,1743.60,1719.11,1735.72,66377.539,2021-02-05 14:30:00,2021-02-05 14:44:59
1735.71,1751.93,1731.47,1738.94,91401.928,2021-02-05 14:45:00,2021-02-05 14:59:59
1738.88,1744.95,1723.00,1732.20,68384.689,2021-02-05 15:00:00,2021-02-05 15:14:59
1732.37,1745.00,1732.27,1737.27,41414.396,2021-02-05 15:15:00,2021-02-05 15:29:59
1737.22,1753.35,1735.02,1743.87,54952.486,2021-02-05 15:30:00,2021-02-05 15:44:59
1744.05,1748.95,1734.36,1745.24,52567.375,2021-02-05 15:45:00,2021-02-05 15:59:59
1745.25,1767.19,1729.70,1754.59,154590.147,2021-02-05 16:00:00,2021-02-05 16:14:59
1754.59,1759.19,1747.02,1749.10,38353.412,2021-02-05 16:15:00,2021-02-05 16:29:59
1749.17,1754.90,1726.58,1735.79,70424.660,2021-02-05 16:30:00,2021-02-05 16:44:59
1735.80,1739.89,1709.00,1730.39,80424.533,2021-02-05 16:45:00,2021-02-05 16:59:59
1730.20,1739.12,1719.48,1724.99,64599.115,2021-02-05 17:00:00,2021-02-05 17:14:59
1724.87,1729.67,1721.55,1726.19,28539.516,2021-02-05 17:15:00,2021-02-05 17:29:59
1726.20,1734.00,1722.70,1731.51,26873.232,2021-02-05 17:30:00,2021-02-05 17:44:59
1731.52,1733.61,1725.40,1731.30,23968.476,2021-02-05 17:45:00,2021-02-05 17:59:59
1731.39,1733.85,1710.00,1710.20,53346.419,2021-02-05 18:00:00,2021-02-05 18:14:59
1710.32,1714.33,1702.74,1708.00,58409.171,2021-02-05 18:15:00,2021-02-05 18:29:59
1708.01,1717.65,1704.00,1704.01,43265.591,2021-02-05 18:30:00,2021-02-05 18:44:59
1704.01,1706.88,1685.23,1687.47,87567.716,2021-02-05 18:45:00,2021-02-05 18:59:59
1687.25,1702.03,1684.27,1689.61,62899.366,2021-02-05 19:00:00,2021-02-05 19:14:59
1689.53,1707.04,1687.49,1704.41,39356.897,2021-02-05 19:15:00,2021-02-05 19:29:59
1704.41,1719.36,1704.40,1708.72,38067.320,2021-02-05 19:30:00,2021-02-05 19:44:59
1708.65,1716.69,1708.13,1712.62,20382.847,2021-02-05 19:45:00,2021-02-05 19:59:59
1712.65,1712.65,1696.79,1707.44,34031.666,2021-02-05 20:00:00,2021-02-05 20:14:59
1707.45,1718.52,1703.56,1717.20,19606.072,2021-02-05 20:15:00,2021-02-05 20:29:59
1717.20,1726.90,1714.44,1724.38,33805.972,2021-02-05 20:30:00,2021-02-05 20:44:59
1724.37,1726.43,1720.48,1722.85,16065.704,2021-02-05 20:45:00,2021-02-05 20:59:59
1722.84,1729.44,1712.43,1724.81,25740.999,2021-02-05 21:00:00,2021-02-05 21:14:59
1724.80,1726.67,1715.45,1718.11,16106.207,2021-02-05 21:15:00,2021-02-05 21:29:59
1718.11,1723.21,1712.73,1720.00,18080.357,2021-02-05 21:30:00,2021-02-05 21:44:59
1720.13,1725.61,1720.13,1722.22,15665.929,2021-02-05 21:45:00,2021-02-05 21:59:59
1722.22,1722.28,1703.07,1709.30,24726.202,2021-02-05 22:00:00,2021-02-05 22:14:59
1709.30,1721.39,1709.26,1717.53,15975.955,2021-02-05 22:15:00,2021-02-05 22:29:59
1717.53,1719.13,1704.05,1708.68,16642.975,2021-02-05 22:30:00,2021-02-05 22:44:59
1708.80,1711.53,1702.00,1703.97,16517.062,2021-02-05 22:45:00,2021-02-05 22:59:59
1704.15,1722.41,1702.03,1720.59,20062.542,2021-02-05 23:00:00,2021-02-05 23:14:59
1720.60,1727.67,1720.60,1724.07,18162.228,2021-02-05 23:15:00,2021-02-05 23:29:59
1724.07,1724.65,1714.00,1715.39,16716.579,2021-02-05 23:30:00,2021-02-05 23:44:59
1715.39,1728.00,1714.25,1721.16,21367.937,2021-02-05 23:45:00,2021-02-05 23:59:59
1721.03,1742.69,1720.26,1735.59,53045.947,2021-02-06 00:00:00,2021-02-06 00:14:59
1735.60,1741.80,1727.08,1741.52,29059.020,2021-02-06 00:15:00,2021-02-06 00:29:59
1741.51,1748.11,1735.00,1746.47,28192.038,2021-02-06 00:30:00,2021-02-06 00:44:59
1746.46,1747.60,1732.08,1732.46,24967.909,2021-02-06 00:45:00,2021-02-06 00:59:59
1732.47,1734.29,1720.10,1723.09,41957.411,2021-02-06 01:00:00,2021-02-06 01:14:59
1723.09,1725.99,1704.00,1716.51,57683.868,2021-02-06 01:15:00,2021-02-06 01:29:59
1716.51,1716.80,1670.00,1688.64,126473.949,2021-02-06 01:30:00,2021-02-06 01:44:59
1688.63,1688.72,1647.09,1675.33,175496.476,2021-02-06 01:45:00,2021-02-06 01:59:59
1675.58,1689.42,1664.00,1677.86,72730.456,2021-02-06 02:00:00,2021-02-06 02:14:59
1677.91,1695.00,1674.00,1686.51,42947.987,2021-02-06 02:15:00,2021-02-06 02:29:59
1686.60,1694.79,1681.94,1682.80,39618.026,2021-02-06 02:30:00,2021-02-06 02:44:59
1682.79,1692.00,1675.74,1683.79,39542.176,2021-02-06 02:45:00,2021-02-06 02:59:59
1683.69,1685.60,1666.68,1678.26,51274.967,2021-02-06 03:00:00,2021-02-06 03:14:59
1678.60,1686.36,1667.10,1667.92,31963.363,2021-02-06 03:15:00,2021-02-06 03:29:59
1667.89,1686.58,1666.29,1685.20,29001.303,2021-02-06 03:30:00,2021-02-06 03:44:59
1685.19,1691.00,1682.69,1685.20,23938.359,2021-02-06 03:45:00,2021-02-06 03:59:59
1685.21,1685.54,1672.00,1673.11,26631.366,2021-02-06 04:00:00,2021-02-06 04:14:59
1673.31,1680.48,1668.00,1678.15,19231.237,2021-02-06 04:15:00,2021-02-06 04:29:59
1678.12,1684.98,1676.32,1684.51,11844.188,2021-02-06 04:30:00,2021-02-06 04:44:59
1684.51,1685.00,1671.96,1674.37,15960.399,2021-02-06 04:45:00,2021-02-06 04:59:59
1674.40,1676.71,1651.44,1657.82,43631.084,2021-02-06 05:00:00,2021-02-06 05:14:59
1657.90,1666.38,1656.71,1665.59,21687.740,2021-02-06 05:15:00,2021-02-06 05:29:59
1665.49,1665.49,1648.17,1657.94,32924.337,2021-02-06 05:30:00,2021-02-06 05:44:59
1657.93,1665.80,1657.93,1663.25,18648.607,2021-02-06 05:45:00,2021-02-06 05:59:59
1663.26,1672.59,1660.09,1670.09,27223.901,2021-02-06 06:00:00,2021-02-06 06:14:59
1670.10,1673.57,1667.00,1673.34,15686.987,2021-02-06 06:15:00,2021-02-06 06:29:59
1673.34,1675.95,1670.06,1673.43,15484.966,2021-02-06 06:30:00,2021-02-06 06:44:59
1673.30,1682.61,1669.55,1680.49,24217.961,2021-02-06 06:45:00,2021-02-06 06:59:59
1680.44,1681.64,1674.05,1675.68,19069.305,2021-02-06 07:00:00,2021-02-06 07:14:59
1675.68,1683.00,1674.77,1678.19,16206.453,2021-02-06 07:15:00,2021-02-06 07:29:59
1678.14,1684.52,1675.32,1677.05,14147.398,2021-02-06 07:30:00,2021-02-06 07:44:59
1677.05,1683.17,1673.80,1674.99,18726.143,2021-02-06 07:45:00,2021-02-06 07:59:59
1674.99,1687.19,1673.75,1683.61,28343.592,2021-02-06 08:00:00,2021-02-06 08:14:59
1683.62,1708.39,1683.62,1702.08,57256.854,2021-02-06 08:15:00,2021-02-06 08:29:59
1702.11,1712.84,1697.10,1705.05,37905.856,2021-02-06 08:30:00,2021-02-06 08:44:59
1705.06,1707.40,1698.62,1703.02,23590.170,2021-02-06 08:45:00,2021-02-06 08:59:59
1703.14,1719.98,1697.76,1719.75,40525.885,2021-02-06 09:00:00,2021-02-06 09:14:59
1719.76,1722.22,1708.00,1709.69,37719.512,2021-02-06 09:15:00,2021-02-06 09:29:59
1709.69,1713.65,1700.63,1703.15,26118.732,2021-02-06 09:30:00,2021-02-06 09:44:59
1703.15,1706.50,1695.00,1700.67,33501.867,2021-02-06 09:45:00,2021-02-06 09:59:59
1700.57,1701.73,1692.41,1697.51,27001.521,2021-02-06 10:00:00,2021-02-06 10:14:59
1697.51,1699.49,1682.60,1687.70,32947.790,2021-02-06 10:15:00,2021-02-06 10:29:59
1687.70,1691.89,1678.86,1691.04,35309.476,2021-02-06 10:30:00,2021-02-06 10:44:59
1691.10,1699.12,1688.10,1695.48,24387.536,2021-02-06 10:45:00,2021-02-06 10:59:59
1695.47,1702.26,1678.00,1682.38,49929.225,2021-02-06 11:00:00,2021-02-06 11:14:59
1682.38,1701.00,1677.99,1698.19,50237.910,2021-02-06 11:15:00,2021-02-06 11:29:59
1698.23,1698.43,1684.26,1684.46,32163.569,2021-02-06 11:30:00,2021-02-06 11:44:59
1684.45,1690.00,1680.00,1683.49,21033.323,2021-02-06 11:45:00,2021-02-06 11:59:59
1683.49,1686.93,1665.03,1668.56,46105.523,2021-02-06 12:00:00,2021-02-06 12:14:59
1668.56,1682.91,1668.56,1680.03,29097.387,2021-02-06 12:15:00,2021-02-06 12:29:59
1680.00,1692.70,1679.88,1688.45,33836.701,2021-02-06 12:30:00,2021-02-06 12:44:59
1688.62,1692.00,1677.66,1677.67,24979.875,2021-02-06 12:45:00,2021-02-06 12:59:59
1677.66,1685.48,1671.95,1682.20,22836.005,2021-02-06 13:00:00,2021-02-06 13:14:59
1682.21,1689.82,1678.35,1687.87,21816.634,2021-02-06 13:15:00,2021-02-06 13:29:59
1687.87,1688.04,1682.10,1684.93,13251.471,2021-02-06 13:30:00,2021-02-06 13:44:59
1684.90,1686.50,1675.29,1678.46,16244.924,2021-02-06 13:45:00,2021-02-06 13:59:59
1678.46,1688.04,1678.46,1683.46,18304.341,2021-02-06 14:00:00,2021-02-06 14:14:59
1683.47,1702.19,1683.30,1693.39,44979.933,2021-02-06 14:15:00,2021-02-06 14:29:59
1693.39,1699.67,1690.75,1693.10,19863.617,2021-02-06 14:30:00,2021-02-06 14:44:59
1693.11,1695.00,1687.01,1690.03,15053.302,2021-02-06 14:45:00,2021-02-06 14:59:59
1690.04,1694.95,1687.50,1692.89,14121.041,2021-02-06 15:00:00,2021-02-06 15:14:59
1692.89,1698.88,1684.15,1689.59,19561.412,2021-02-06 15:15:00,2021-02-06 15:29:59
1689.59,1692.84,1680.01,1683.89,24723.737,2021-02-06 15:30:00,2021-02-06 15:44:59
1683.89,1685.00,1675.12,1677.13,25004.912,2021-02-06 15:45:00,2021-02-06 15:59:59
1677.13,1680.54,1661.01,1676.01,75884.639,2021-02-06 16:00:00,2021-02-06 16:14:59
1676.02,1689.54,1675.15,1686.42,32570.049,2021-02-06 16:15:00,2021-02-06 16:29:59
1686.45,1692.55,1685.46,1691.30,17744.540,2021-02-06 16:30:00,2021-02-06 16:44:59
1691.40,1698.89,1691.10,1698.63,23978.986,2021-02-06 16:45:00,2021-02-06 16:59:59
1698.61,1699.26,1688.79,1689.83,28429.095,2021-02-06 17:00:00,2021-02-06 17:14:59
1689.83,1693.21,1682.00,1691.34,23773.395,2021-02-06 17:15:00,2021-02-06 17:29:59
1691.35,1695.00,1688.83,1692.62,10572.590,2021-02-06 17:30:00,2021-02-06 17:44:59
1692.62,1711.73,1692.27,1707.15,46863.496,2021-02-06 17:45:00,2021-02-06 17:59:59
1707.15,1717.59,1705.55,1705.97,43095.029,2021-02-06 18:00:00,2021-02-06 18:14:59
1706.09,1708.98,1696.00,1699.35,30825.426,2021-02-06 18:15:00,2021-02-06 18:29:59
1699.35,1703.83,1697.10,1700.93,13040.337,2021-02-06 18:30:00,2021-02-06 18:44:59
1700.93,1710.77,1700.93,1709.51,20220.095,2021-02-06 18:45:00,2021-02-06 18:59:59
1709.51,1715.17,1704.25,1710.28,22726.425,2021-02-06 19:00:00,2021-02-06 19:14:59
1710.27,1718.36,1710.14,1716.97,18286.036,2021-02-06 19:15:00,2021-02-06 19:29:59
1716.97,1717.65,1697.52,1707.13,38940.511,2021-02-06 19:30:00,2021-02-06 19:44:59
1707.13,1714.69,1707.00,1711.40,16498.921,2021-02-06 19:45:00,2021-02-06 19:59:59
1711.49,1713.60,1701.08,1702.28,20933.935,2021-02-06 20:00:00,2021-02-06 20:14:59
1702.18,1702.18,1685.55,1696.22,34719.782,2021-02-06 20:15:00,2021-02-06 20:29:59
1696.23,1698.09,1687.09,1693.83,16532.738,2021-02-06 20:30:00,2021-02-06 20:44:59
1693.84,1700.91,1692.07,1697.59,19134.262,2021-02-06 20:45:00,2021-02-06 20:59:59
1697.60,1702.40,1696.28,1697.01,12739.253,2021-02-06 21:00:00,2021-02-06 21:14:59
1697.02,1710.00,1697.02,1706.16,16616.974,2021-02-06 21:15:00,2021-02-06 21:29:59
1706.15,1719.00,1706.15,1715.39,25192.417,2021-02-06 21:30:00,2021-02-06 21:44:59
1715.39,1719.18,1713.26,1713.34,19955.706,2021-02-06 21:45:00,2021-02-06 21:59:59
1713.48,1725.32,1710.50,1715.22,36427.726,2021-02-06 22:00:00,2021-02-06 22:14:59
1715.21,1719.11,1711.10,1714.00,12126.407,2021-02-06 22:15:00,2021-02-06 22:29:59
1714.00,1717.33,1711.48,1712.36,7177.932,2021-02-06 22:30:00,2021-02-06 22:44:59
1712.35,1712.35,1700.38,1705.84,19096.608,2021-02-06 22:45:00,2021-02-06 22:59:59
1705.99,1707.87,1690.00,1692.38,30036.746,2021-02-06 23:00:00,2021-02-06 23:14:59
1692.53,1697.11,1677.10,1680.30,43867.013,2021-02-06 23:15:00,2021-02-06 23:29:59
1680.29,1687.44,1679.45,1685.51,30602.356,2021-02-06 23:30:00,2021-02-06 23:44:59
1685.50,1687.28,1672.42,1679.34,25482.300,2021-02-06 23:45:00,2021-02-06 23:59:59
1679.38,1693.03,1674.72,1688.74,57326.356,2021-02-07 00:00:00,2021-02-07 00:14:59
1688.75,1695.50,1685.52,1689.52,25822.180,2021-02-07 00:15:00,2021-02-07 00:29:59
1689.25,1689.88,1682.62,1685.00,15889.401,2021-02-07 00:30:00,2021-02-07 00:44:59
1685.00,1689.13,1678.98,1686.52,14847.887,2021-02-07 00:45:00,2021-02-07 00:59:59
1686.51,1689.23,1675.16,1676.95,20537.274,2021-02-07 01:00:00,2021-02-07 01:14:59
1676.99,1682.00,1670.11,1676.25,22577.776,2021-02-07 01:15:00,2021-02-07 01:29:59
1676.24,1684.31,1661.06,1662.68,37202.199,2021-02-07 01:30:00,2021-02-07 01:44:59
1662.61,1662.81,1629.00,1643.18,133063.926,2021-02-07 01:45:00,2021-02-07 01:59:59
1643.19,1648.55,1634.16,1636.76,43901.777,2021-02-07 02:00:00,2021-02-07 02:14:59
1636.87,1637.03,1610.31,1627.39,121495.978,2021-02-07 02:15:00,2021-02-07 02:29:59
1627.34,1631.22,1616.13,1629.78,38659.591,2021-02-07 02:30:00,2021-02-07 02:44:59
1629.78,1636.50,1627.00,1629.21,38184.497,2021-02-07 02:45:00,2021-02-07 02:59:59
1629.20,1634.83,1620.54,1632.24,28617.045,2021-02-07 03:00:00,2021-02-07 03:14:59
1632.23,1634.48,1625.00,1629.67,22868.420,2021-02-07 03:15:00,2021-02-07 03:29:59
1629.67,1631.95,1618.44,1622.99,31096.066,2021-02-07 03:30:00,2021-02-07 03:44:59
1622.99,1630.34,1616.00,1628.22,32939.194,2021-02-07 03:45:00,2021-02-07 03:59:59
1628.22,1634.14,1621.66,1633.40,26285.111,2021-02-07 04:00:00,2021-02-07 04:14:59
1633.40,1633.74,1620.50,1622.58,23486.898,2021-02-07 04:15:00,2021-02-07 04:29:59
1622.51,1623.38,1600.00,1606.03,82567.873,2021-02-07 04:30:00,2021-02-07 04:44:59
1606.03,1614.64,1587.00,1610.30,82320.312,2021-02-07 04:45:00,2021-02-07 04:59:59
1610.29,1618.00,1603.11,1615.07,28749.325,2021-02-07 05:00:00,2021-02-07 05:14:59
1615.07,1620.00,1610.43,1614.23,22182.837,2021-02-07 05:15:00,2021-02-07 05:29:59
1614.24,1622.00,1604.00,1619.40,28519.896,2021-02-07 05:30:00,2021-02-07 05:44:59
1619.39,1622.70,1615.32,1617.10,21300.705,2021-02-07 05:45:00,2021-02-07 05:59:59
1617.10,1621.44,1610.42,1611.85,16748.199,2021-02-07 06:00:00,2021-02-07 06:14:59
1611.82,1621.02,1608.64,1618.01,18703.378,2021-02-07 06:15:00,2021-02-07 06:29:59
1618.01,1621.50,1615.21,1618.50,15327.435,2021-02-07 06:30:00,2021-02-07 06:44:59
1618.50,1618.50,1610.86,1612.97,16728.913,2021-02-07 06:45:00,2021-02-07 06:59:59
1612.97,1631.34,1608.44,1630.67,29696.907,2021-02-07 07:00:00,2021-02-07 07:14:59
1630.88,1633.30,1627.11,1632.19,21893.067,2021-02-07 07:15:00,2021-02-07 07:29:59
1632.19,1637.12,1629.10,1633.00,21408.933,2021-02-07 07:30:00,2021-02-07 07:44:59
1633.00,1640.51,1633.00,1633.00,26556.159,2021-02-07 07:45:00,2021-02-07 07:59:59
1633.00,1646.70,1629.71,1646.35,36190.517,2021-02-07 08:00:00,2021-02-07 08:14:59
1646.33,1649.78,1642.61,1642.67,32663.628,2021-02-07 08:15:00,2021-02-07 08:29:59
1642.68,1646.47,1639.01,1639.10,19469.250,2021-02-07 08:30:00,2021-02-07 08:44:59
1639.11,1643.28,1637.12,1643.20,17244.051,2021-02-07 08:45:00,2021-02-07 08:59:59
1643.20,1643.20,1637.81,1641.76,12476.554,2021-02-07 09:00:00,2021-02-07 09:14:59
1641.76,1644.78,1633.00,1638.21,25070.402,2021-02-07 09:15:00,2021-02-07 09:29:59
1638.24,1643.83,1637.64,1640.31,18475.575,2021-02-07 09:30:00,2021-02-07 09:44:59
1640.31,1644.74,1636.74,1639.01,18017.789,2021-02-07 09:45:00,2021-02-07 09:59:59
1639.01,1650.00,1637.00,1647.30,15789.226,2021-02-07 10:00:00,2021-02-07 10:14:59
1647.30,1657.64,1646.62,1650.01,32590.237,2021-02-07 10:15:00,2021-02-07 10:29:59
1650.07,1658.25,1643.47,1643.49,27491.077,2021-02-07 10:30:00,2021-02-07 10:44:59
1643.50,1646.70,1638.16,1640.51,16531.176,2021-02-07 10:45:00,2021-02-07 10:59:59
1640.51,1641.10,1623.00,1629.95,40072.304,2021-02-07 11:00:00,2021-02-07 11:14:59
1629.95,1629.96,1616.80,1625.69,43541.350,2021-02-07 11:15:00,2021-02-07 11:29:59
1625.69,1632.45,1621.29,1625.62,23606.369,2021-02-07 11:30:00,2021-02-07 11:44:59
1625.63,1631.00,1623.15,1627.22,16780.165,2021-02-07 11:45:00,2021-02-07 11:59:59
1627.17,1632.60,1617.16,1627.72,32562.462,2021-02-07 12:00:00,2021-02-07 12:14:59
1627.56,1627.56,1601.10,1606.52,56482.289,2021-02-07 12:15:00,2021-02-07 12:29:59
1606.84,1619.00,1605.00,1617.66,31221.882,2021-02-07 12:30:00,2021-02-07 12:44:59
1617.66,1621.73,1613.50,1618.69,16126.737,2021-02-07 12:45:00,2021-02-07 12:59:59
1618.69,1630.35,1615.20,1629.13,19669.630,2021-02-07 13:00:00,2021-02-07 13:14:59
1629.30,1629.89,1620.54,1623.53,21556.276,2021-02-07 13:15:00,2021-02-07 13:29:59
1623.54,1623.59,1581.00,1585.33,126877.059,2021-02-07 13:30:00,2021-02-07 13:44:59
1585.25,1599.68,1582.21,1587.66,59571.202,2021-02-07 13:45:00,2021-02-07 13:59:59
1587.79,1587.93,1565.00,1574.19,106697.994,2021-02-07 14:00:00,2021-02-07 14:14:59
1574.25,1588.75,1573.53,1585.65,53948.004,2021-02-07 14:15:00,2021-02-07 14:29:59
1585.64,1589.00,1577.31,1578.52,37747.168,2021-02-07 14:30:00,2021-02-07 14:44:59
1578.53,1582.60,1567.09,1573.39,49461.135,2021-02-07 14:45:00,2021-02-07 14:59:59
1573.39,1579.90,1560.50,1562.00,59663.991,2021-02-07 15:00:00,2021-02-07 15:14:59
1561.99,1569.23,1524.40,1538.55,256058.777,2021-02-07 15:15:00,2021-02-07 15:29:59
1539.04,1546.66,1535.11,1545.18,54570.768,2021-02-07 15:30:00,2021-02-07 15:44:59
1545.20,1554.59,1534.67,1538.65,66015.593,2021-02-07 15:45:00,2021-02-07 15:59:59
1538.68,1549.17,1511.72,1513.00,138857.046,2021-02-07 16:00:00,2021-02-07 16:14:59
1513.00,1530.04,1490.48,1525.48,183360.881,2021-02-07 16:15:00,2021-02-07 16:29:59
1525.49,1530.48,1517.31,1530.45,88279.267,2021-02-07 16:30:00,2021-02-07 16:44:59
1530.39,1557.00,1529.09,1554.48,107052.626,2021-02-07 16:45:00,2021-02-07 16:59:59
1554.48,1567.52,1551.71,1561.99,89925.446,2021-02-07 17:00:00,2021-02-07 17:14:59
1561.83,1575.00,1561.50,1566.27,56144.226,2021-02-07 17:15:00,2021-02-07 17:29:59
1566.05,1574.98,1554.77,1565.44,60507.750,2021-02-07 17:30:00,2021-02-07 17:44:59
1565.45,1567.70,1545.45,1555.44,65046.644,2021-02-07 17:45:00,2021-02-07 17:59:59
1555.40,1565.70,1552.42,1559.17,31391.399,2021-02-07 18:00:00,2021-02-07 18:14:59
1559.16,1569.91,1559.00,1568.56,22311.666,2021-02-07 18:15:00,2021-02-07 18:29:59
1568.56,1577.00,1564.17,1576.88,38075.721,2021-02-07 18:30:00,2021-02-07 18:44:59
1576.92,1586.86,1574.36,1580.32,36226.743,2021-02-07 18:45:00,2021-02-07 18:59:59
1580.32,1590.00,1575.91,1579.99,33226.910,2021-02-07 19:00:00,2021-02-07 19:14:59
1579.98,1586.69,1576.01,1579.46,20238.799,2021-02-07 19:15:00,2021-02-07 19:29:59
1579.47,1584.75,1577.59,1579.14,17115.527,2021-02-07 19:30:00,2021-02-07 19:44:59
1579.14,1583.99,1561.91,1566.29,36602.164,2021-02-07 19:45:00,2021-02-07 19:59:59
1566.29,1570.82,1552.22,1565.20,49022.997,2021-02-07 20:00:00,2021-02-07 20:14:59
1565.20,1575.66,1561.74,1572.46,20804.859,2021-02-07 20:15:00,2021-02-07 20:29:59
1572.43,1581.83,1571.05,1580.70,18960.642,2021-02-07 20:30:00,2021-02-07 20:44:59
1580.70,1584.95,1578.92,1582.39,13705.678,2021-02-07 20:45:00,2021-02-07 20:59:59
1582.40,1596.00,1578.13,1591.54,31448.524,2021-02-07 21:00:00,2021-02-07 21:14:59
1591.54,1592.01,1574.18,1578.57,25116.810,2021-02-07 21:15:00,2021-02-07 21:29:59
1578.57,1597.00,1576.72,1594.49,23025.283,2021-02-07 21:30:00,2021-02-07 21:44:59
1594.50,1603.70,1592.47,1597.01,33767.537,2021-02-07 21:45:00,2021-02-07 21:59:59
1597.01,1598.78,1589.76,1590.01,18712.046,2021-02-07 22:00:00,2021-02-07 22:14:59
1590.00,1593.75,1575.86,1576.93,21477.115,2021-02-07 22:15:00,2021-02-07 22:29:59
1576.92,1588.75,1576.16,1584.60,17430.330,2021-02-07 22:30:00,2021-02-07 22:44:59
1584.70,1602.00,1584.49,1600.71,23388.775,2021-02-07 22:45:00,2021-02-07 22:59:59
1600.61,1616.80,1598.44,1611.00,51557.087,2021-02-07 23:00:00,2021-02-07 23:14:59
1610.99,1614.19,1603.10,1607.50,24706.150,2021-02-07 23:15:00,2021-02-07 23:29:59
1607.47,1621.62,1604.44,1619.10,30843.574,2021-02-07 23:30:00,2021-02-07 23:44:59
1619.11,1621.81,1610.11,1611.99,23717.704,2021-02-07 23:45:00,2021-02-07 23:59:59
1612.00,1630.00,1597.86,1624.95,55935.282,2021-02-08 00:00:00,2021-02-08 00:14:59
1624.96,1632.73,1611.81,1615.42,33160.124,2021-02-08 00:15:00,2021-02-08 00:29:59
1615.40,1615.40,1601.03,1606.14,30801.829,2021-02-08 00:30:00,2021-02-08 00:44:59
1606.15,1609.42,1591.17,1597.59,30984.240,2021-02-08 00:45:00,2021-02-08 00:59:59
1597.49,1605.32,1586.81,1603.00,39762.962,2021-02-08 01:00:00,2021-02-08 01:14:59
1603.09,1603.80,1586.22,1588.13,27373.575,2021-02-08 01:15:00,2021-02-08 01:29:59
1588.05,1590.40,1580.00,1584.62,38307.668,2021-02-08 01:30:00,2021-02-08 01:44:59
1584.62,1596.61,1584.14,1593.61,21143.764,2021-02-08 01:45:00,2021-02-08 01:59:59
1593.60,1605.83,1587.99,1596.70,31985.519,2021-02-08 02:00:00,2021-02-08 02:14:59
1596.61,1597.59,1582.86,1592.39,25632.631,2021-02-08 02:15:00,2021-02-08 02:29:59
1592.40,1594.27,1582.00,1587.83,19186.763,2021-02-08 02:30:00,2021-02-08 02:44:59
1587.84,1589.20,1567.92,1573.27,40473.573,2021-02-08 02:45:00,2021-02-08 02:59:59
1573.20,1586.51,1566.22,1585.86,23343.094,2021-02-08 03:00:00,2021-02-08 03:14:59
1585.73,1592.00,1576.50,1584.36,32354.904,2021-02-08 03:15:00,2021-02-08 03:29:59
1584.36,1591.00,1577.91,1587.69,18927.178,2021-02-08 03:30:00,2021-02-08 03:44:59
1587.69,1589.93,1579.51,1583.35,24273.191,2021-02-08 03:45:00,2021-02-08 03:59:59
1583.35,1612.05,1579.60,1608.86,45463.357,2021-02-08 04:00:00,2021-02-08 04:14:59
1608.80,1620.00,1608.57,1619.41,26893.941,2021-02-08 04:15:00,2021-02-08 04:29:59
1619.42,1622.00,1612.12,1614.30,24192.797,2021-02-08 04:30:00,2021-02-08 04:44:59
1614.31,1622.00,1613.69,1620.00,21693.730,2021-02-08 04:45:00,2021-02-08 04:59:59
1620.00,1627.39,1611.33,1619.59,37911.966,2021-02-08 05:00:00,2021-02-08 05:14:59
1619.59,1621.52,1614.06,1615.82,13179.066,2021-02-08 05:15:00,2021-02-08 05:29:59
1615.82,1617.64,1610.01,1615.12,15732.373,2021-02-08 05:30:00,2021-02-08 05:44:59
1615.11,1616.50,1606.70,1610.11,14631.150,2021-02-08 05:45:00,2021-02-08 05:59:59
1610.06,1626.83,1610.05,1626.00,20023.833,2021-02-08 06:00:00,2021-02-08 06:14:59
1626.00,1638.00,1625.71,1636.43,36589.621,2021-02-08 06:15:00,2021-02-08 06:29:59
1636.43,1637.73,1628.30,1629.85,16369.459,2021-02-08 06:30:00,2021-02-08 06:44:59
1629.85,1635.10,1626.55,1633.59,17180.492,2021-02-08 06:45:00,2021-02-08 06:59:59
1633.59,1638.45,1627.09,1633.20,18694.450,2021-02-08 07:00:00,2021-02-08 07:14:59
1633.29,1636.94,1625.00,1636.94,13759.214,2021-02-08 07:15:00,2021-02-08 07:29:59
1636.72,1649.28,1636.56,1643.90,38790.131,2021-02-08 07:30:00,2021-02-08 07:44:59
1643.88,1646.00,1637.09,1640.29,16918.975,2021-02-08 07:45:00,2021-02-08 07:59:59
1640.21,1648.77,1639.62,1646.92,27708.439,2021-02-08 08:00:00,2021-02-08 08:14:59
1646.91,1653.40,1639.46,1639.70,31199.030,2021-02-08 08:15:00,2021-02-08 08:29:59
1639.71,1644.00,1630.94,1630.94,25956.967,2021-02-08 08:30:00,2021-02-08 08:44:59
1630.93,1638.20,1627.11,1634.87,26959.816,2021-02-08 08:45:00,2021-02-08 08:59:59
1634.87,1648.68,1634.53,1645.20,22221.536,2021-02-08 09:00:00,2021-02-08 09:14:59
1645.04,1652.00,1633.21,1635.17,29548.637,2021-02-08 09:15:00,2021-02-08 09:29:59
1635.17,1640.81,1631.21,1634.63,21280.737,2021-02-08 09:30:00,2021-02-08 09:44:59
1634.63,1638.00,1629.04,1630.81,17982.381,2021-02-08 09:45:00,2021-02-08 09:59:59
1630.68,1635.26,1627.26,1633.05,18214.026,2021-02-08 10:00:00,2021-02-08 10:14:59
1633.05,1641.34,1632.61,1637.91,18509.159,2021-02-08 10:15:00,2021-02-08 10:29:59
1637.91,1648.18,1635.00,1643.82,20146.168,2021-02-08 10:30:00,2021-02-08 10:44:59
1643.82,1650.68,1640.30,1650.50,22953.004,2021-02-08 10:45:00,2021-02-08 10:59:59
1650.49,1669.00,1650.44,1661.00,69326.970,2021-02-08 11:00:00,2021-02-08 11:14:59
1661.17,1665.49,1656.43,1664.35,23911.947,2021-02-08 11:15:00,2021-02-08 11:29:59
1664.45,1667.36,1656.13,1664.68,24104.070,2021-02-08 11:30:00,2021-02-08 11:44:59
1664.68,1664.98,1656.66,1664.03,15672.788,2021-02-08 11:45:00,2021-02-08 11:59:59
1664.11,1677.00,1651.00,1651.31,65727.499,2021-02-08 12:00:00,2021-02-08 12:14:59
1651.33,1656.70,1651.01,1652.25,19506.358,2021-02-08 12:15:00,2021-02-08 12:29:59
1652.27,1677.36,1645.00,1676.10,53153.731,2021-02-08 12:30:00,2021-02-08 12:44:59
1676.10,1735.91,1675.91,1733.28,201387.170,2021-02-08 12:45:00,2021-02-08 12:59:59
1733.29,1758.24,1697.63,1702.11,155646.332,2021-02-08 13:00:00,2021-02-08 13:14:59
1702.12,1734.42,1698.22,1714.24,91873.877,2021-02-08 13:15:00,2021-02-08 13:29:59
1714.24,1721.87,1691.54,1697.40,71639.794,2021-02-08 13:30:00,2021-02-08 13:44:59
1697.39,1705.68,1680.79,1688.87,70250.729,2021-02-08 13:45:00,2021-02-08 13:59:59
1688.87,1729.80,1688.10,1719.70,81743.436,2021-02-08 14:00:00,2021-02-08 14:14:59
1719.82,1722.70,1706.79,1708.17,46930.033,2021-02-08 14:15:00,2021-02-08 14:29:59
1708.22,1714.10,1700.00,1700.62,33811.581,2021-02-08 14:30:00,2021-02-08 14:44:59
1700.62,1718.00,1700.12,1715.56,36753.333,2021-02-08 14:45:00,2021-02-08 14:59:59
1715.43,1726.97,1710.45,1711.28,43106.142,2021-02-08 15:00:00,2021-02-08 15:14:59
1711.45,1739.67,1709.23,1739.00,52102.127,2021-02-08 15:15:00,2021-02-08 15:29:59
1739.00,1766.40,1730.14,1753.66,114377.175,2021-02-08 15:30:00,2021-02-08 15:44:59
1753.66,1758.94,1732.10,1737.78,83939.392,2021-02-08 15:45:00,2021-02-08 15:59:59
1737.80,1782.50,1737.73,1769.30,171567.623,2021-02-08 16:00:00,2021-02-08 16:14:59
1769.05,1773.45,1737.58,1740.01,102374.880,2021-02-08 16:15:00,2021-02-08 16:29:59
1740.00,1743.00,1721.56,1730.79,88127.864,2021-02-08 16:30:00,2021-02-08 16:44:59
1730.80,1737.95,1718.45,1720.11,54025.809,2021-02-08 16:45:00,2021-02-08 16:59:59
1720.12,1734.43,1705.45,1715.81,87473.450,2021-02-08 17:00:00,2021-02-08 17:14:59
1715.82,1726.05,1715.82,1717.70,32526.678,2021-02-08 17:15:00,2021-02-08 17:29:59
1717.67,1730.00,1710.16,1718.32,30508.101,2021-02-08 17:30:00,2021-02-08 17:44:59
1718.22,1724.30,1708.01,1713.52,26252.687,2021-02-08 17:45:00,2021-02-08 17:59:59
1713.53,1720.00,1702.02,1718.37,36336.570,2021-02-08 18:00:00,2021-02-08 18:14:59
1718.39,1720.93,1712.12,1712.69,23243.756,2021-02-08 18:15:00,2021-02-08 18:29:59
1712.70,1714.41,1690.87,1694.42,50107.083,2021-02-08 18:30:00,2021-02-08 18:44:59
1694.42,1707.65,1694.34,1702.03,33126.043,2021-02-08 18:45:00,2021-02-08 18:59:59
1702.02,1710.95,1696.17,1707.09,29405.213,2021-02-08 19:00:00,2021-02-08 19:14:59
1707.30,1713.20,1705.16,1706.88,20715.742,2021-02-08 19:15:00,2021-02-08 19:29:59
1706.85,1710.65,1701.05,1705.07,19381.770,2021-02-08 19:30:00,2021-02-08 19:44:59
1705.08,1706.80,1692.70,1701.83,21080.350,2021-02-08 19:45:00,2021-02-08 19:59:59
1701.84,1718.70,1696.97,1715.58,32332.508,2021-02-08 20:00:00,2021-02-08 20:14:59
1715.59,1716.27,1706.56,1709.92,20992.164,2021-02-08 20:15:00,2021-02-08 20:29:59
1709.91,1718.52,1707.00,1709.00,22492.405,2021-02-08 20:30:00,2021-02-08 20:44:59
1709.00,1741.60,1709.00,1722.77,62611.700,2021-02-08 20:45:00,2021-02-08 20:59:59
1723.00,1724.16,1713.82,1718.29,20555.246,2021-02-08 21:00:00,2021-02-08 21:14:59
1718.30,1726.70,1716.00,1722.77,18644.093,2021-02-08 21:15:00,2021-02-08 21:29:59
1722.79,1725.71,1716.19,1722.65,24052.607,2021-02-08 21:30:00,2021-02-08 21:44:59
1722.83,1723.57,1700.00,1701.14,39682.463,2021-02-08 21:45:00,2021-02-08 21:59:59
1701.14,1715.41,1699.56,1711.03,27660.663,2021-02-08 22:00:00,2021-02-08 22:14:59
1711.03,1715.11,1702.24,1714.59,16484.374,2021-02-08 22:15:00,2021-02-08 22:29:59
1714.60,1723.41,1708.32,1723.05,16300.129,2021-02-08 22:30:00,2021-02-08 22:44:59
1723.05,1724.82,1716.00,1719.79,19019.015,2021-02-08 22:45:00,2021-02-08 22:59:59
1719.76,1722.67,1710.69,1722.35,27765.682,2021-02-08 23:00:00,2021-02-08 23:14:59
1722.32,1753.49,1722.11,1741.12,84952.145,2021-02-08 23:15:00,2021-02-08 23:29:59
1741.34,1758.70,1732.09,1745.14,63973.461,2021-02-08 23:30:00,2021-02-08 23:44:59
1745.25,1758.99,1736.23,1755.61,50962.925,2021-02-08 23:45:00,2021-02-08 23:59:59
1755.60,1777.00,1745.30,1747.18,110112.603,2021-02-09 00:00:00,2021-02-09 00:14:59
1747.13,1752.64,1738.32,1744.72,40655.537,2021-02-09 00:15:00,2021-02-09 00:29:59
1744.72,1767.03,1744.70,1766.96,41191.091,2021-02-09 00:30:00,2021-02-09 00:44:59
1766.96,1769.43,1751.36,1758.87,31769.184,2021-02-09 00:45:00,2021-02-09 00:59:59
1758.87,1758.96,1745.42,1751.42,24732.672,2021-02-09 01:00:00,2021-02-09 01:14:59
1751.41,1753.09,1734.03,1736.70,25892.146,2021-02-09 01:15:00,2021-02-09 01:29:59
1736.76,1743.15,1732.06,1739.69,25464.569,2021-02-09 01:30:00,2021-02-09 01:44:59
1739.69,1743.72,1734.00,1739.90,16388.469,2021-02-09 01:45:00,2021-02-09 01:59:59
1739.90,1740.00,1713.20,1728.82,51618.871,2021-02-09 02:00:00,2021-02-09 02:14:59
1728.82,1735.79,1727.51,1730.61,18844.072,2021-02-09 02:15:00,2021-02-09 02:29:59
1730.67,1737.92,1728.45,1733.05,14612.440,2021-02-09 02:30:00,2021-02-09 02:44:59
1733.06,1737.10,1723.54,1728.18,22427.187,2021-02-09 02:45:00,2021-02-09 02:59:59
1728.18,1728.18,1715.10,1724.07,25328.565,2021-02-09 03:00:00,2021-02-09 03:14:59
1723.98,1738.99,1722.77,1733.19,21425.524,2021-02-09 03:15:00,2021-02-09 03:29:59
1733.29,1741.97,1731.66,1738.73,21348.147,2021-02-09 03:30:00,2021-02-09 03:44:59
1738.72,1741.37,1734.53,1738.89,15339.053,2021-02-09 03:45:00,2021-02-09 03:59:59
1739.07,1741.00,1731.39,1733.43,25064.451,2021-02-09 04:00:00,2021-02-09 04:14:59
1733.42,1753.06,1731.39,1750.54,27231.434,2021-02-09 04:15:00,2021-02-09 04:29:59
1750.54,1755.00,1741.05,1746.78,20294.828,2021-02-09 04:30:00,2021-02-09 04:44:59
1746.91,1749.23,1736.66,1740.96,17705.721,2021-02-09 04:45:00,2021-02-09 04:59:59
1740.96,1749.24,1739.43,1747.71,14332.848,2021-02-09 05:00:00,2021-02-09 05:14:59
1747.36,1749.28,1744.59,1749.28,7079.248,2021-02-09 05:15:00,2021-02-09 05:29:59
1749.28,1749.99,1732.24,1735.21,20721.006,2021-02-09 05:30:00,2021-02-09 05:44:59
1735.23,1753.25,1735.15,1746.64,24245.418,2021-02-09 05:45:00,2021-02-09 05:59:59
1746.63,1747.33,1734.69,1740.33,24356.565,2021-02-09 06:00:00,2021-02-09 06:14:59
1740.32,1750.00,1738.82,1745.99,21114.255,2021-02-09 06:15:00,2021-02-09 06:29:59
1746.00,1751.71,1737.79,1751.71,33046.535,2021-02-09 06:30:00,2021-02-09 06:44:59
1751.71,1775.00,1748.41,1774.64,64237.711,2021-02-09 06:45:00,2021-02-09 06:59:59
1774.56,1776.00,1751.23,1762.32,52429.009,2021-02-09 07:00:00,2021-02-09 07:14:59
1762.38,1766.09,1754.26,1755.72,27545.724,2021-02-09 07:15:00,2021-02-09 07:29:59
1755.72,1759.00,1744.78,1752.34,32915.274,2021-02-09 07:30:00,2021-02-09 07:44:59
1752.35,1758.22,1748.18,1754.21,20482.327,2021-02-09 07:45:00,2021-02-09 07:59:59
1753.81,1806.63,1753.81,1805.80,147087.159,2021-02-09 08:00:00,2021-02-09 08:14:59
1805.73,1820.04,1786.07,1820.00,114487.562,2021-02-09 08:15:00,2021-02-09 08:29:59
1820.00,1820.17,1798.41,1804.27,73141.671,2021-02-09 08:30:00,2021-02-09 08:44:59
1804.23,1815.08,1803.82,1809.00,33069.790,2021-02-09 08:45:00,2021-02-09 08:59:59
1809.00,1830.47,1807.94,1819.04,67022.483,2021-02-09 09:00:00,2021-02-09 09:14:59
1819.04,1824.00,1808.00,1808.38,38758.478,2021-02-09 09:15:00,2021-02-09 09:29:59
1808.38,1812.73,1763.41,1766.44,115986.675,2021-02-09 09:30:00,2021-02-09 09:44:59
1766.75,1785.52,1766.60,1779.43,49623.408,2021-02-09 09:45:00,2021-02-09 09:59:59
1779.43,1783.65,1755.44,1768.95,60537.902,2021-02-09 10:00:00,2021-02-09 10:14:59
1768.88,1782.54,1763.59,1768.35,32868.219,2021-02-09 10:15:00,2021-02-09 10:29:59
1768.37,1774.31,1763.37,1767.97,22874.191,2021-02-09 10:30:00,2021-02-09 10:44:59
1768.16,1770.99,1727.96,1738.22,98282.768,2021-02-09 10:45:00,2021-02-09 10:59:59
1738.02,1753.74,1736.44,1746.35,50498.466,2021-02-09 11:00:00,2021-02-09 11:14:59
1746.35,1755.84,1739.02,1751.92,32805.945,2021-02-09 11:15:00,2021-02-09 11:29:59
1751.92,1765.21,1751.30,1760.99,36873.033,2021-02-09 11:30:00,2021-02-09 11:44:59
1760.99,1760.99,1751.47,1758.51,22937.318,2021-02-09 11:45:00,2021-02-09 11:59:59
1758.48,1768.75,1745.96,1764.66,54499.290,2021-02-09 12:00:00,2021-02-09 12:14:59
1764.60,1773.69,1756.51,1762.44,36016.188,2021-02-09 12:15:00,2021-02-09 12:29:59
1762.45,1762.47,1748.00,1748.57,27563.248,2021-02-09 12:30:00,2021-02-09 12:44:59
1748.56,1753.60,1725.00,1733.79,89973.813,2021-02-09 12:45:00,2021-02-09 12:59:59
1733.79,1735.78,1717.30,1731.88,62353.258,2021-02-09 13:00:00,2021-02-09 13:14:59
1731.88,1740.00,1719.22,1724.10,41673.851,2021-02-09 13:15:00,2021-02-09 13:29:59
1724.25,1743.51,1719.05,1733.13,60163.434,2021-02-09 13:30:00,2021-02-09 13:44:59
1733.12,1746.40,1731.90,1743.08,25435.259,2021-02-09 13:45:00,2021-02-09 13:59:59
1743.07,1745.00,1738.00,1741.48,17859.794,2021-02-09 14:00:00,2021-02-09 14:14:59
1741.40,1750.39,1735.27,1742.37,29931.035,2021-02-09 14:15:00,2021-02-09 14:29:59
1742.37,1749.99,1738.64,1743.31,16304.760,2021-02-09 14:30:00,2021-02-09 14:44:59
1743.37,1760.89,1740.00,1760.23,29696.008,2021-02-09 14:45:00,2021-02-09 14:59:59
1760.23,1760.85,1749.22,1750.27,26443.760,2021-02-09 15:00:00,2021-02-09 15:14:59
1750.28,1761.00,1743.88,1750.27,35015.611,2021-02-09 15:15:00,2021-02-09 15:29:59
1750.33,1754.82,1749.02,1751.52,19272.367,2021-02-09 15:30:00,2021-02-09 15:44:59
1751.37,1753.11,1747.00,1751.09,21244.150,2021-02-09 15:45:00,2021-02-09 15:59:59
1751.10,1765.00,1740.56,1746.24,79773.005,2021-02-09 16:00:00,2021-02-09 16:14:59
1746.24,1746.36,1721.93,1734.00,71391.888,2021-02-09 16:15:00,2021-02-09 16:29:59
1733.99,1755.71,1731.71,1750.39,51275.680,2021-02-09 16:30:00,2021-02-09 16:44:59
1750.39,1754.97,1734.05,1736.78,36047.455,2021-02-09 16:45:00,2021-02-09 16:59:59
1736.66,1750.60,1736.39,1750.55,19665.308,2021-02-09 17:00:00,2021-02-09 17:14:59
1750.54,1751.13,1739.32,1741.76,19008.290,2021-02-09 17:15:00,2021-02-09 17:29:59
1741.76,1742.76,1734.10,1738.26,22800.596,2021-02-09 17:30:00,2021-02-09 17:44:59
1738.26,1745.55,1737.38,1744.33,14335.519,2021-02-09 17:45:00,2021-02-09 17:59:59
1744.34,1752.00,1739.39,1748.51,20372.317,2021-02-09 18:00:00,2021-02-09 18:14:59
1748.51,1749.68,1743.00,1747.58,14806.018,2021-02-09 18:15:00,2021-02-09 18:29:59
1747.58,1761.43,1746.67,1753.00,32347.831,2021-02-09 18:30:00,2021-02-09 18:44:59
1753.01,1757.53,1750.00,1754.75,14423.780,2021-02-09 18:45:00,2021-02-09 18:59:59
1754.74,1760.18,1750.70,1751.41,16519.597,2021-02-09 19:00:00,2021-02-09 19:14:59
1751.53,1757.73,1750.00,1751.01,12692.827,2021-02-09 19:15:00,2021-02-09 19:29:59
1751.01,1757.49,1746.61,1757.06,15157.194,2021-02-09 19:30:00,2021-02-09 19:44:59
1757.00,1778.00,1755.80,1778.00,37699.011,2021-02-09 19:45:00,2021-02-09 19:59:59
1777.99,1796.16,1770.44,1795.64,60629.809,2021-02-09 20:00:00,2021-02-09 20:14:59
1795.86,1797.56,1780.36,1783.00,40713.338,2021-02-09 20:15:00,2021-02-09 20:29:59
1783.10,1785.68,1775.23,1783.75,24469.385,2021-02-09 20:30:00,2021-02-09 20:44:59
1783.43,1786.90,1767.82,1768.85,34531.526,2021-02-09 20:45:00,2021-02-09 20:59:59
1768.84,1773.00,1765.00,1771.51,23570.799,2021-02-09 21:00:00,2021-02-09 21:14:59
1771.51,1775.99,1770.00,1775.94,14721.038,2021-02-09 21:15:00,2021-02-09 21:29:59
1775.94,1775.95,1761.11,1771.14,22263.028,2021-02-09 21:30:00,2021-02-09 21:44:59
1771.15,1772.85,1767.57,1770.48,9941.989,2021-02-09 21:45:00,2021-02-09 21:59:59
1770.49,1770.49,1753.33,1762.72,29849.514,2021-02-09 22:00:00,2021-02-09 22:14:59
1762.73,1764.48,1757.46,1762.78,10656.416,2021-02-09 22:15:00,2021-02-09 22:29:59
1762.79,1765.90,1760.57,1761.90,9851.297,2021-02-09 22:30:00,2021-02-09 22:44:59
1761.89,1768.20,1759.68,1767.11,11617.634,2021-02-09 22:45:00,2021-02-09 22:59:59
1767.11,1769.87,1749.09,1750.22,22198.729,2021-02-09 23:00:00,2021-02-09 23:14:59
1750.50,1770.00,1749.86,1769.59,19804.406,2021-02-09 23:15:00,2021-02-09 23:29:59
1769.60,1779.99,1767.21,1774.77,23890.505,2021-02-09 23:30:00,2021-02-09 23:44:59
1774.77,1776.20,1766.16,1770.79,21156.684,2021-02-09 23:45:00,2021-02-09 23:59:59
1770.99,1780.00,1761.00,1764.23,33619.212,2021-02-10 00:00:00,2021-02-10 00:14:59
1764.23,1783.25,1762.81,1781.69,17455.808,2021-02-10 00:15:00,2021-02-10 00:29:59
1781.69,1793.63,1775.76,1787.81,33442.770,2021-02-10 00:30:00,2021-02-10 00:44:59
1787.82,1800.00,1784.30,1789.43,36831.814,2021-02-10 00:45:00,2021-02-10 00:59:59
1789.43,1795.79,1784.02,1788.86,25591.055,2021-02-10 01:00:00,2021-02-10 01:14:59
1788.87,1795.00,1783.08,1786.25,21413.160,2021-02-10 01:15:00,2021-02-10 01:29:59
1786.14,1791.91,1784.54,1790.45,15813.717,2021-02-10 01:30:00,2021-02-10 01:44:59
1790.45,1811.00,1785.01,1809.37,42929.350,2021-02-10 01:45:00,2021-02-10 01:59:59
1809.37,1820.00,1801.00,1816.28,40945.239,2021-02-10 02:00:00,2021-02-10 02:14:59
1816.28,1825.00,1812.83,1817.47,35058.154,2021-02-10 02:15:00,2021-02-10 02:29:59
1817.42,1827.66,1809.76,1823.85,34235.939,2021-02-10 02:30:00,2021-02-10 02:44:59
1823.85,1832.40,1812.45,1814.81,37866.010,2021-02-10 02:45:00,2021-02-10 02:59:59
1814.81,1822.21,1802.98,1821.42,38405.153,2021-02-10 03:00:00,2021-02-10 03:14:59
1821.40,1830.00,1814.42,1816.24,27422.112,2021-02-10 03:15:00,2021-02-10 03:29:59
1816.06,1816.48,1805.82,1809.34,23243.565,2021-02-10 03:30:00,2021-02-10 03:44:59
1809.33,1817.98,1805.56,1815.08,17866.262,2021-02-10 03:45:00,2021-02-10 03:59:59
1815.08,1819.51,1771.49,1771.97,90076.206,2021-02-10 04:00:00,2021-02-10 04:14:59
1771.96,1787.54,1771.00,1785.66,42006.409,2021-02-10 04:15:00,2021-02-10 04:29:59
1785.65,1791.52,1785.03,1788.62,15356.056,2021-02-10 04:30:00,2021-02-10 04:44:59
1788.61,1792.00,1787.50,1791.28,12383.708,2021-02-10 04:45:00,2021-02-10 04:59:59
1791.28,1794.72,1786.77,1791.66,14285.194,2021-02-10 05:00:00,2021-02-10 05:14:59
1791.67,1801.53,1788.50,1795.92,20806.478,2021-02-10 05:15:00,2021-02-10 05:29:59
1795.93,1804.60,1795.27,1800.50,18592.961,2021-02-10 05:30:00,2021-02-10 05:44:59
1800.49,1806.86,1795.79,1801.76,19795.470,2021-02-10 05:45:00,2021-02-10 05:59:59
1801.76,1831.76,1801.76,1820.96,56118.813,2021-02-10 06:00:00,2021-02-10 06:14:59
1820.96,1827.60,1814.63,1817.77,28384.196,2021-02-10 06:15:00,2021-02-10 06:29:59
1817.77,1821.00,1810.20,1811.65,22982.535,2021-02-10 06:30:00,2021-02-10 06:44:59
1811.65,1816.26,1805.27,1806.96,19430.315,2021-02-10 06:45:00,2021-02-10 06:59:59
1806.99,1819.61,1805.00,1813.73,25317.956,2021-02-10 07:00:00,2021-02-10 07:14:59
1813.73,1818.18,1805.80,1814.52,20367.787,2021-02-10 07:15:00,2021-02-10 07:29:59
1814.52,1823.53,1812.77,1821.47,23296.371,2021-02-10 07:30:00,2021-02-10 07:44:59
1821.29,1823.97,1810.28,1816.73,30048.878,2021-02-10 07:45:00,2021-02-10 07:59:59
1816.73,1848.00,1816.67,1830.35,102154.593,2021-02-10 08:00:00,2021-02-10 08:14:59
1830.34,1830.34,1804.00,1814.25,75958.902,2021-02-10 08:15:00,2021-02-10 08:29:59
1814.26,1816.51,1795.19,1807.09,40651.805,2021-02-10 08:30:00,2021-02-10 08:44:59
1807.10,1812.12,1802.38,1810.23,22910.432,2021-02-10 08:45:00,2021-02-10 08:59:59
1810.23,1813.69,1806.37,1812.15,13344.175,2021-02-10 09:00:00,2021-02-10 09:14:59
1812.15,1822.11,1811.28,1819.56,20178.535,2021-02-10 09:15:00,2021-02-10 09:29:59
1819.56,1823.30,1806.42,1808.52,26933.494,2021-02-10 09:30:00,2021-02-10 09:44:59
1808.52,1808.69,1785.00,1796.14,54354.251,2021-02-10 09:45:00,2021-02-10 09:59:59
1796.13,1811.98,1786.31,1811.08,32928.885,2021-02-10 10:00:00,2021-02-10 10:14:59
1811.14,1815.21,1803.12,1804.22,35624.249,2021-02-10 10:15:00,2021-02-10 10:29:59
1804.23,1810.04,1792.51,1800.21,30317.989,2021-02-10 10:30:00,2021-02-10 10:44:59
1800.21,1803.65,1792.74,1798.95,19232.068,2021-02-10 10:45:00,2021-02-10 10:59:59
1798.98,1801.50,1785.00,1789.92,32470.264,2021-02-10 11:00:00,2021-02-10 11:14:59
1789.99,1793.03,1775.16,1782.01,38709.692,2021-02-10 11:15:00,2021-02-10 11:29:59
1782.12,1796.50,1775.00,1793.73,32213.465,2021-02-10 11:30:00,2021-02-10 11:44:59
1793.62,1797.56,1790.79,1796.02,13559.673,2021-02-10 11:45:00,2021-02-10 11:59:59
1796.02,1796.36,1759.72,1768.75,90760.569,2021-02-10 12:00:00,2021-02-10 12:14:59
1768.74,1775.98,1763.10,1767.56,32817.176,2021-02-10 12:15:00,2021-02-10 12:29:59
1767.55,1770.68,1683.08,1721.81,198063.537,2021-02-10 12:30:00,2021-02-10 12:44:59
1721.81,1755.92,1714.31,1746.37,87052.310,2021-02-10 12:45:00,2021-02-10 12:59:59
1746.37,1756.10,1732.37,1750.93,65546.682,2021-02-10 13:00:00,2021-02-10 13:14:59
1750.93,1751.57,1725.20,1732.99,43154.566,2021-02-10 13:15:00,2021-02-10 13:29:59
1732.81,1749.50,1730.81,1747.02,31308.005,2021-02-10 13:30:00,2021-02-10 13:44:59
1747.02,1750.57,1738.50,1747.02,22883.799,2021-02-10 13:45:00,2021-02-10 13:59:59
1747.03,1764.99,1734.91,1761.16,49659.073,2021-02-10 14:00:00,2021-02-10 14:14:59
1761.17,1764.48,1725.00,1730.57,67778.623,2021-02-10 14:15:00,2021-02-10 14:29:59
1730.57,1742.10,1713.73,1734.50,86053.547,2021-02-10 14:30:00,2021-02-10 14:44:59
1734.50,1742.03,1720.29,1724.52,40439.492,2021-02-10 14:45:00,2021-02-10 14:59:59
1724.52,1728.54,1704.00,1722.93,76615.036,2021-02-10 15:00:00,2021-02-10 15:14:59
1722.84,1731.31,1702.00,1703.02,52813.885,2021-02-10 15:15:00,2021-02-10 15:29:59
1703.02,1716.19,1692.72,1694.03,78872.156,2021-02-10 15:30:00,2021-02-10 15:44:59
1694.05,1717.40,1680.00,1715.47,96421.896,2021-02-10 15:45:00,2021-02-10 15:59:59
1715.49,1729.00,1692.13,1725.77,85426.033,2021-02-10 16:00:00,2021-02-10 16:14:59
1725.80,1738.80,1719.80,1734.41,48193.219,2021-02-10 16:15:00,2021-02-10 16:29:59
1734.48,1735.88,1719.69,1731.24,52196.041,2021-02-10 16:30:00,2021-02-10 16:44:59
1731.25,1739.20,1725.00,1729.11,26662.626,2021-02-10 16:45:00,2021-02-10 16:59:59
1729.11,1734.75,1716.36,1725.22,29310.903,2021-02-10 17:00:00,2021-02-10 17:14:59
1725.40,1737.00,1722.50,1736.99,23836.929,2021-02-10 17:15:00,2021-02-10 17:29:59
1736.99,1751.64,1734.03,1745.35,34547.080,2021-02-10 17:30:00,2021-02-10 17:44:59
1745.34,1748.27,1738.46,1738.58,22023.762,2021-02-10 17:45:00,2021-02-10 17:59:59
1738.52,1742.77,1735.11,1735.65,18380.869,2021-02-10 18:00:00,2021-02-10 18:14:59
1735.66,1748.00,1729.10,1737.08,19831.652,2021-02-10 18:15:00,2021-02-10 18:29:59
1737.09,1739.87,1729.07,1730.77,19745.021,2021-02-10 18:30:00,2021-02-10 18:44:59
1730.58,1746.46,1730.26,1743.74,13625.715,2021-02-10 18:45:00,2021-02-10 18:59:59
1743.74,1749.50,1727.06,1733.68,26765.146,2021-02-10 19:00:00,2021-02-10 19:14:59
1733.97,1738.81,1721.21,1729.00,28375.755,2021-02-10 19:15:00,2021-02-10 19:29:59
1729.01,1749.31,1727.40,1747.21,25080.022,2021-02-10 19:30:00,2021-02-10 19:44:59
1746.95,1749.31,1741.78,1744.46,18526.030,2021-02-10 19:45:00,2021-02-10 19:59:59
1744.45,1746.94,1735.43,1738.80,13227.227,2021-02-10 20:00:00,2021-02-10 20:14:59
1738.80,1739.73,1728.03,1728.78,15755.458,2021-02-10 20:15:00,2021-02-10 20:29:59
1728.78,1730.87,1718.39,1718.85,16743.970,2021-02-10 20:30:00,2021-02-10 20:44:59
1718.89,1724.32,1707.56,1713.47,23946.885,2021-02-10 20:45:00,2021-02-10 20:59:59
1713.46,1724.31,1711.12,1717.53,31028.421,2021-02-10 21:00:00,2021-02-10 21:14:59
1717.54,1720.61,1706.51,1715.70,23531.203,2021-02-10 21:15:00,2021-02-10 21:29:59
1716.01,1724.67,1714.19,1722.33,17351.330,2021-02-10 21:30:00,2021-02-10 21:44:59
1722.30,1730.29,1721.52,1729.62,14069.599,2021-02-10 21:45:00,2021-02-10 21:59:59
1729.62,1737.91,1725.21,1736.94,11748.657,2021-02-10 22:00:00,2021-02-10 22:14:59
1736.93,1746.60,1734.90,1746.49,12552.485,2021-02-10 22:15:00,2021-02-10 22:29:59
1746.40,1750.00,1739.01,1748.29,14685.090,2021-02-10 22:30:00,2021-02-10 22:44:59
1748.28,1752.99,1741.81,1751.52,16355.882,2021-02-10 22:45:00,2021-02-10 22:59:59
1751.71,1752.47,1737.55,1750.57,21805.281,2021-02-10 23:00:00,2021-02-10 23:14:59
1750.56,1762.46,1741.53,1754.40,21985.007,2021-02-10 23:15:00,2021-02-10 23:29:59
1754.41,1760.78,1750.27,1752.25,20781.039,2021-02-10 23:30:00,2021-02-10 23:44:59
1752.24,1752.45,1741.78,1743.31,20874.836,2021-02-10 23:45:00,2021-02-10 23:59:59
1743.30,1752.58,1726.08,1726.58,40754.984,2021-02-11 00:00:00,2021-02-11 00:14:59
1726.59,1738.80,1725.70,1735.90,17831.324,2021-02-11 00:15:00,2021-02-11 00:29:59
1735.82,1744.70,1726.94,1730.00,17552.293,2021-02-11 00:30:00,2021-02-11 00:44:59
1730.00,1730.00,1710.00,1720.29,42257.562,2021-02-11 00:45:00,2021-02-11 00:59:59
1720.29,1724.94,1704.21,1710.48,34272.352,2021-02-11 01:00:00,2021-02-11 01:14:59
1710.49,1722.75,1704.38,1720.71,19264.510,2021-02-11 01:15:00,2021-02-11 01:29:59
1720.75,1723.82,1712.26,1718.65,13089.830,2021-02-11 01:30:00,2021-02-11 01:44:59
1718.65,1727.52,1709.17,1710.15,15181.693,2021-02-11 01:45:00,2021-02-11 01:59:59
1710.20,1726.89,1709.89,1723.16,19055.338,2021-02-11 02:00:00,2021-02-11 02:14:59
1723.05,1726.32,1717.47,1722.63,8485.084,2021-02-11 02:15:00,2021-02-11 02:29:59
1722.86,1728.57,1722.86,1726.28,5031.151,2021-02-11 02:30:00,2021-02-11 02:44:59
1726.28,1735.59,1725.69,1735.50,11653.558,2021-02-11 02:45:00,2021-02-11 02:59:59
1735.51,1743.58,1731.73,1739.17,12716.577,2021-02-11 03:00:00,2021-02-11 03:14:59
1739.17,1746.00,1737.67,1743.36,9691.058,2021-02-11 03:15:00,2021-02-11 03:29:59
1743.35,1744.25,1736.39,1737.79,11244.238,2021-02-11 03:30:00,2021-02-11 03:44:59
1737.79,1755.00,1737.66,1745.86,20624.036,2021-02-11 03:45:00,2021-02-11 03:59:59
1745.84,1751.04,1727.96,1735.24,36799.269,2021-02-11 04:00:00,2021-02-11 04:14:59
1735.28,1738.66,1724.02,1732.22,16827.987,2021-02-11 04:15:00,2021-02-11 04:29:59
1732.22,1732.46,1725.85,1727.83,9739.479,2021-02-11 04:30:00,2021-02-11 04:44:59
1727.83,1728.72,1722.00,1725.28,11529.321,2021-02-11 04:45:00,2021-02-11 04:59:59
1725.28,1732.00,1718.86,1726.30,25156.817,2021-02-11 05:00:00,2021-02-11 05:14:59
1726.30,1731.42,1721.24,1722.58,11745.469,2021-02-11 05:15:00,2021-02-11 05:29:59
1722.44,1729.33,1719.36,1727.94,12114.967,2021-02-11 05:30:00,2021-02-11 05:44:59
1727.93,1730.00,1719.00,1720.31,16660.164,2021-02-11 05:45:00,2021-02-11 05:59:59
1720.31,1731.00,1720.31,1729.09,16506.239,2021-02-11 06:00:00,2021-02-11 06:14:59
1729.09,1735.52,1727.58,1730.05,11275.064,2021-02-11 06:15:00,2021-02-11 06:29:59
1730.05,1735.00,1723.07,1729.00,13987.173,2021-02-11 06:30:00,2021-02-11 06:44:59
1729.00,1729.11,1725.45,1728.28,10042.934,2021-02-11 06:45:00,2021-02-11 06:59:59
1728.27,1747.00,1728.27,1742.13,32005.631,2021-02-11 07:00:00,2021-02-11 07:14:59
1742.12,1748.00,1739.07,1742.80,17839.990,2021-02-11 07:15:00,2021-02-11 07:29:59
1742.75,1750.19,1740.71,1741.99,18153.573,2021-02-11 07:30:00,2021-02-11 07:44:59
1742.00,1745.39,1733.76,1739.57,17435.718,2021-02-11 07:45:00,2021-02-11 07:59:59
1739.47,1747.13,1732.87,1733.39,21208.980,2021-02-11 08:00:00,2021-02-11 08:14:59
1733.50,1744.15,1733.11,1736.86,12999.483,2021-02-11 08:15:00,2021-02-11 08:29:59
1736.86,1754.50,1736.86,1753.74,24394.838,2021-02-11 08:30:00,2021-02-11 08:44:59
1753.75,1756.99,1748.95,1754.61,19542.498,2021-02-11 08:45:00,2021-02-11 08:59:59
1754.75,1758.10,1745.70,1748.22,23364.770,2021-02-11 09:00:00,2021-02-11 09:14:59
1748.22,1756.44,1748.22,1755.47,15043.412,2021-02-11 09:15:00,2021-02-11 09:29:59
1755.45,1764.38,1751.07,1757.47,26608.422,2021-02-11 09:30:00,2021-02-11 09:44:59
1757.31,1771.83,1757.31,1768.61,32966.612,2021-02-11 09:45:00,2021-02-11 09:59:59
1768.61,1774.21,1764.24,1764.79,24951.299,2021-02-11 10:00:00,2021-02-11 10:14:59
1764.71,1777.00,1764.58,1775.94,27014.429,2021-02-11 10:15:00,2021-02-11 10:29:59
1775.90,1790.00,1772.17,1785.56,39663.725,2021-02-11 10:30:00,2021-02-11 10:44:59
1785.55,1792.09,1783.12,1787.95,25002.152,2021-02-11 10:45:00,2021-02-11 10:59:59
1787.95,1791.39,1777.00,1784.39,33809.972,2021-02-11 11:00:00,2021-02-11 11:14:59
1784.44,1791.23,1778.66,1784.85,19471.586,2021-02-11 11:15:00,2021-02-11 11:29:59
1784.84,1785.82,1773.01,1777.45,27433.341,2021-02-11 11:30:00,2021-02-11 11:44:59
1777.45,1782.06,1762.00,1766.95,41582.576,2021-02-11 11:45:00,2021-02-11 11:59:59
1767.01,1795.46,1766.53,1791.66,39962.232,2021-02-11 12:00:00,2021-02-11 12:14:59
1791.68,1793.88,1783.26,1786.58,16704.123,2021-02-11 12:15:00,2021-02-11 12:29:59
1786.50,1788.23,1782.10,1786.58,12818.569,2021-02-11 12:30:00,2021-02-11 12:44:59
1786.58,1791.46,1776.34,1783.16,19490.326,2021-02-11 12:45:00,2021-02-11 12:59:59
1783.17,1810.00,1782.18,1807.99,51558.746,2021-02-11 13:00:00,2021-02-11 13:14:59
1807.77,1827.07,1804.00,1814.04,120087.151,2021-02-11 13:15:00,2021-02-11 13:29:59
1814.33,1818.98,1794.66,1803.52,59023.658,2021-02-11 13:30:00,2021-02-11 13:44:59
1803.52,1804.30,1786.38,1794.33,39836.115,2021-02-11 13:45:00,2021-02-11 13:59:59
1794.33,1800.85,1787.00,1791.69,31666.824,2021-02-11 14:00:00,2021-02-11 14:14:59
1791.69,1803.50,1791.69,1801.17,23334.416,2021-02-11 14:15:00,2021-02-11 14:29:59
1801.30,1810.00,1800.21,1803.91,22627.190,2021-02-11 14:30:00,2021-02-11 14:44:59
1803.80,1808.74,1798.36,1800.90,14643.392,2021-02-11 14:45:00,2021-02-11 14:59:59
1800.91,1811.63,1790.57,1796.56,35058.809,2021-02-11 15:00:00,2021-02-11 15:14:59
1796.56,1802.29,1793.00,1799.83,22254.117,2021-02-11 15:15:00,2021-02-11 15:29:59
1799.84,1803.32,1793.66,1797.51,13386.223,2021-02-11 15:30:00,2021-02-11 15:44:59
1797.51,1803.82,1794.97,1800.69,20268.729,2021-02-11 15:45:00,2021-02-11 15:59:59
1800.70,1815.00,1800.69,1805.05,49474.317,2021-02-11 16:00:00,2021-02-11 16:14:59
1805.06,1808.95,1798.99,1801.53,20867.221,2021-02-11 16:15:00,2021-02-11 16:29:59
1801.53,1801.92,1790.28,1794.06,25980.729,2021-02-11 16:30:00,2021-02-11 16:44:59
1794.06,1798.93,1791.23,1795.23,17470.531,2021-02-11 16:45:00,2021-02-11 16:59:59
1795.23,1797.90,1781.43,1784.64,34756.193,2021-02-11 17:00:00,2021-02-11 17:14:59
1784.64,1789.01,1781.16,1787.00,22456.312,2021-02-11 17:15:00,2021-02-11 17:29:59
1786.99,1792.26,1784.00,1788.47,19430.666,2021-02-11 17:30:00,2021-02-11 17:44:59
1788.47,1793.56,1783.89,1784.03,13513.461,2021-02-11 17:45:00,2021-02-11 17:59:59
1784.03,1795.46,1777.52,1793.83,26870.643,2021-02-11 18:00:00,2021-02-11 18:14:59
1793.82,1799.30,1790.79,1791.73,18052.929,2021-02-11 18:15:00,2021-02-11 18:29:59
1791.72,1797.83,1790.30,1794.12,12170.201,2021-02-11 18:30:00,2021-02-11 18:44:59
1794.11,1799.00,1792.42,1799.00,14295.166,2021-02-11 18:45:00,2021-02-11 18:59:59
1798.99,1800.00,1790.62,1792.59,17116.894,2021-02-11 19:00:00,2021-02-11 19:14:59
1792.59,1805.49,1792.43,1803.14,19392.013,2021-02-11 19:15:00,2021-02-11 19:29:59
1803.13,1803.74,1791.33,1793.07,16761.979,2021-02-11 19:30:00,2021-02-11 19:44:59
1793.07,1797.30,1792.00,1794.77,12381.610,2021-02-11 19:45:00,2021-02-11 19:59:59
1794.55,1795.05,1785.55,1790.72,23515.391,2021-02-11 20:00:00,2021-02-11 20:14:59
1790.72,1807.83,1789.87,1807.80,18555.456,2021-02-11 20:15:00,2021-02-11 20:29:59
1807.79,1814.75,1798.24,1802.23,30402.050,2021-02-11 20:30:00,2021-02-11 20:44:59
1802.24,1804.76,1760.00,1763.63,99452.474,2021-02-11 20:45:00,2021-02-11 20:59:59
1763.63,1775.96,1763.38,1771.68,29563.213,2021-02-11 21:00:00,2021-02-11 21:14:59
1771.68,1774.40,1758.00,1768.57,40092.913,2021-02-11 21:15:00,2021-02-11 21:29:59
1768.56,1770.28,1760.79,1763.61,21180.039,2021-02-11 21:30:00,2021-02-11 21:44:59
1763.51,1771.14,1763.01,1769.82,14893.496,2021-02-11 21:45:00,2021-02-11 21:59:59
1769.87,1778.28,1767.13,1775.70,14938.031,2021-02-11 22:00:00,2021-02-11 22:14:59
1775.70,1780.00,1772.78,1774.89,9641.882,2021-02-11 22:15:00,2021-02-11 22:29:59
1774.73,1778.83,1774.36,1778.10,2141.669,2021-02-11 22:30:00,2021-02-11 22:44:59
